data;loja_id;produto_id;categoria;vendas_previstas
2025-01-05;L001;P001;Alimentos;173,16748771280422
2025-01-12;L001;P001;Alimentos;30,26697603554443
2025-01-19;L001;P001;Alimentos;118,39394226632338
2025-01-26;L001;P001;Alimentos;117,97824319687429
2025-02-02;L001;P001;Alimentos;117,74759702951334
2025-02-09;L001;P001;Alimentos;118,47453587791183
2025-02-16;L001;P001;Alimentos;118,41815975273424
2025-02-23;L001;P001;Alimentos;121,67933553714147
2025-01-05;L001;P001;Brinquedos;56,80874889341549
2025-01-12;L001;P001;Brinquedos;27,44492371803625
2025-01-19;L001;P001;Brinquedos;120,22903143255706
2025-01-26;L001;P001;Brinquedos;119,813332363108
2025-02-02;L001;P001;Brinquedos;119,58268619574706
2025-02-09;L001;P001;Brinquedos;120,30962504414553
2025-02-16;L001;P001;Brinquedos;120,25324891896794
2025-02-23;L001;P001;Brinquedos;123,81973581448632
2025-01-05;L001;P001;Eletrônicos;113,61943364205152
2025-01-12;L001;P001;Eletrônicos;71,52616664904312
2025-01-19;L001;P001;Eletrônicos;119,47298050203433
2025-01-26;L001;P001;Eletrônicos;119,05728143258527
2025-02-02;L001;P001;Eletrônicos;118,82663526522433
2025-02-09;L001;P001;Eletrônicos;119,85622145661796
2025-02-16;L001;P001;Eletrônicos;119,9548082944033
2025-02-23;L001;P001;Eletrônicos;123,35624757087406
2025-01-05;L001;P001;Higiene;77,1688863431791
2025-01-12;L001;P001;Higiene;42,545112938444035
2025-01-19;L001;P001;Higiene;119,1339846843305
2025-01-26;L001;P001;Higiene;118,89254487414071
2025-02-02;L001;P001;Higiene;118,66189870677974
2025-02-09;L001;P001;Higiene;119,35167088851155
2025-02-16;L001;P001;Higiene;119,10307254111173
2025-02-23;L001;P001;Higiene;121,75748906625974
2025-01-05;L001;P001;Vestuário;155,16674102183845
2025-01-12;L001;P001;Vestuário;157,7673401315852
2025-01-19;L001;P001;Vestuário;113,82198808390531
2025-01-26;L001;P001;Vestuário;113,40628901445625
2025-02-02;L001;P001;Vestuário;113,17564284709528
2025-02-09;L001;P001;Vestuário;113,90258169549377
2025-02-16;L001;P001;Vestuário;113,67322408883469
2025-02-23;L001;P001;Vestuário;117,14369246583459
2025-01-05;L001;P002;Alimentos;58,10564792633555
2025-01-12;L001;P002;Alimentos;72,36005382501224
2025-01-19;L001;P002;Alimentos;118,43236089486136
2025-01-26;L001;P002;Alimentos;118,0166618254123
2025-02-02;L001;P002;Alimentos;117,78601565805135
2025-02-09;L001;P002;Alimentos;118,51295450644984
2025-02-16;L001;P002;Alimentos;118,36636365734586
2025-02-23;L001;P002;Alimentos;121,6275394417531
2025-01-05;L001;P002;Brinquedos;95,67050974757245
2025-01-12;L001;P002;Brinquedos;37,53117838070285
2025-01-19;L001;P002;Brinquedos;121,77337830854303
2025-01-26;L001;P002;Brinquedos;121,35767923909397
2025-02-02;L001;P002;Brinquedos;121,127033071733
2025-02-09;L001;P002;Brinquedos;122,15661926312666
2025-02-16;L001;P002;Brinquedos;122,01002841402267
2025-02-23;L001;P002;Brinquedos;125,71535657938237
2025-01-05;L001;P002;Eletrônicos;136,18572631696574
2025-01-12;L001;P002;Eletrônicos;113,54800972736076
2025-01-19;L001;P002;Eletrônicos;117,96913465148155
2025-01-26;L001;P002;Eletrônicos;117,55343558203249
2025-02-02;L001;P002;Eletrônicos;117,32278941467152
2025-02-09;L001;P002;Eletrônicos;118,04972826307002
2025-02-16;L001;P002;Eletrônicos;118,05810037692899
2025-02-23;L001;P002;Eletrônicos;121,31927616133626
2025-01-05;L001;P002;Higiene;114,64097608552481
2025-01-12;L001;P002;Higiene;195,2820581873835
2025-01-19;L001;P002;Higiene;122,92548538513788
2025-01-26;L001;P002;Higiene;122,68404557494806
2025-02-02;L001;P002;Higiene;122,658161312349
2025-02-09;L001;P002;Higiene;123,650580837076
2025-02-16;L001;P002;Higiene;123,3117677657498
2025-02-23;L001;P002;Higiene;126,10644778296133
2025-01-05;L001;P002;Vestuário;69,44341996510038
2025-01-12;L001;P002;Vestuário;95,61208043375001
2025-01-19;L001;P002;Vestuário;115,77749668351855
2025-01-26;L001;P002;Vestuário;115,36179761406946
2025-02-02;L001;P002;Vestuário;115,13115144670851
2025-02-09;L001;P002;Vestuário;115,858090295107
2025-02-16;L001;P002;Vestuário;115,53851796452155
2025-02-23;L001;P002;Vestuário;118,60497152670662
2025-01-05;L001;P003;Alimentos;170,40468780069213
2025-01-12;L001;P003;Alimentos;109,76347822258147
2025-01-19;L001;P003;Alimentos;118,16385013569376
2025-01-26;L001;P003;Alimentos;117,7481510662447
2025-02-02;L001;P003;Alimentos;117,51750489888373
2025-02-09;L001;P003;Alimentos;118,24444374728223
2025-02-16;L001;P003;Alimentos;118,09785289817825
2025-02-23;L001;P003;Alimentos;120,88029806666435
2025-01-05;L001;P003;Brinquedos;46,675088466843995
2025-01-12;L001;P003;Brinquedos;28,157919157781688
2025-01-19;L001;P003;Brinquedos;119,93829763454693
2025-01-26;L001;P003;Brinquedos;119,5225985650979
2025-02-02;L001;P003;Brinquedos;119,29195239773692
2025-02-09;L001;P003;Brinquedos;120,32153858913055
2025-02-16;L001;P003;Brinquedos;120,1749477400266
2025-02-23;L001;P003;Brinquedos;123,26128179740158
2025-01-05;L001;P003;Eletrônicos;141,4579923352064
2025-01-12;L001;P003;Eletrônicos;69,12832926346766
2025-01-19;L001;P003;Eletrônicos;117,7640421316493
2025-01-26;L001;P003;Eletrônicos;117,34834306220024
2025-02-02;L001;P003;Eletrônicos;117,11769689483927
2025-02-09;L001;P003;Eletrônicos;117,84463574323776
2025-02-16;L001;P003;Eletrônicos;117,85300785709674
2025-02-23;L001;P003;Eletrônicos;120,63545302558285
2025-01-05;L001;P003;Higiene;88,17490756590405
2025-01-12;L001;P003;Higiene;92,16543055652605
2025-01-19;L001;P003;Higiene;117,97967221035366
2025-01-26;L001;P003;Higiene;117,73823240016384
2025-02-02;L001;P003;Higiene;117,50758623280288
2025-02-09;L001;P003;Higiene;118,1973584145347
2025-02-16;L001;P003;Higiene;117,8585453432085
2025-02-23;L001;P003;Higiene;119,87369553814965
2025-01-05;L001;P003;Vestuário;172,4590749406353
2025-01-12;L001;P003;Vestuário;174,6407987779908
2025-01-19;L001;P003;Vestuário;114,6410700888849
2025-01-26;L001;P003;Vestuário;114,22537101943581
2025-02-02;L001;P003;Vestuário;113,99472485207484
2025-02-09;L001;P003;Vestuário;115,02431104346853
2025-02-16;L001;P003;Vestuário;114,70473871288304
2025-02-23;L001;P003;Vestuário;117,69505425173956
2025-01-05;L001;P004;Alimentos;119,42113221314995
2025-01-12;L001;P004;Alimentos;113,78617261444252
2025-01-19;L001;P004;Alimentos;121,05940575857167
2025-01-26;L001;P004;Alimentos;120,64370668912261
2025-02-02;L001;P004;Alimentos;120,41306052176165
2025-02-09;L001;P004;Alimentos;121,01151746539821
2025-02-16;L001;P004;Alimentos;120,95514134022064
2025-02-23;L001;P004;Alimentos;124,39383061669142
2025-01-05;L001;P004;Brinquedos;127,28486434783915
2025-01-12;L001;P004;Brinquedos;103,22879178201494
2025-01-19;L001;P004;Brinquedos;123,08911144195073
2025-01-26;L001;P004;Brinquedos;122,67341237250167
2025-02-02;L001;P004;Brinquedos;122,64752810990261
2025-02-09;L001;P004;Brinquedos;123,54863239653436
2025-02-16;L001;P004;Brinquedos;123,49225627135675
2025-02-23;L001;P004;Brinquedos;127,07813999227201
2025-01-05;L001;P004;Eletrônicos;70,76124209240346
2025-01-12;L001;P004;Eletrônicos;67,8476120687776
2025-01-19;L001;P004;Eletrônicos;119,17626111080811
2025-01-26;L001;P004;Eletrônicos;118,76056204135905
2025-02-02;L001;P004;Eletrônicos;118,5299158739981
2025-02-09;L001;P004;Eletrônicos;119,12837281763468
2025-02-16;L001;P004;Eletrônicos;119,22695965542002
2025-02-23;L001;P004;Eletrônicos;122,36869099538283
2025-01-05;L001;P004;Higiene;80,73170172631441
2025-01-12;L001;P004;Higiene;91,82334349735146
2025-01-19;L001;P004;Higiene;123,56885734695445
2025-01-26;L001;P004;Higiene;123,32741753676463
2025-02-02;L001;P004;Higiene;123,09677136940365
2025-02-09;L001;P004;Higiene;123,96070898936874
2025-02-16;L001;P004;Higiene;123,71211064196892
2025-02-23;L001;P004;Higiene;126,38734621473603
2025-01-05;L001;P004;Vestuário;171,42769423095072
2025-01-12;L001;P004;Vestuário;180,73262690070902
2025-01-19;L001;P004;Vestuário;116,90126133188168
2025-01-26;L001;P004;Vestuário;116,48556226243262
2025-02-02;L001;P004;Vestuário;116,25491609507165
2025-02-09;L001;P004;Vestuário;117,15602038170341
2025-02-16;L001;P004;Vestuário;116,92666277504432
2025-02-23;L001;P004;Vestuário;120,57322242188543
2025-01-05;L001;P005;Alimentos;211,71478244990402
2025-01-12;L001;P005;Alimentos;193,02584027647194
2025-01-19;L001;P005;Alimentos;120,80935781122963
2025-01-26;L001;P005;Alimentos;120,39365874178056
2025-02-02;L001;P005;Alimentos;120,36777447918149
2025-02-09;L001;P005;Alimentos;121,39736067057514
2025-02-16;L001;P005;Alimentos;121,34098454539753
2025-02-23;L001;P005;Alimentos;124,84886060347752
2025-01-05;L001;P005;Brinquedos;142,82708393639996
2025-01-12;L001;P005;Brinquedos;36,23614034077007
2025-01-19;L001;P005;Brinquedos;121,87498967740598
2025-01-26;L001;P005;Brinquedos;121,45929060795692
2025-02-02;L001;P005;Brinquedos;121,22864444059594
2025-02-09;L001;P005;Brinquedos;122,25823063198959
2025-02-16;L001;P005;Brinquedos;122,20185450681201
2025-02-23;L001;P005;Brinquedos;126,17031389822533
2025-01-05;L001;P005;Eletrônicos;123,6770371517571
2025-01-12;L001;P005;Eletrônicos;137,79625430352
2025-01-19;L001;P005;Eletrônicos;118,86402905414211
2025-01-26;L001;P005;Eletrônicos;118,44832998469305
2025-02-02;L001;P005;Eletrônicos;118,21768381733207
2025-02-09;L001;P005;Eletrônicos;118,94462266573056
2025-02-16;L001;P005;Eletrônicos;119,04320950351593
2025-02-23;L001;P005;Eletrônicos;122,41082206953237
2025-01-05;L001;P005;Higiene;86,73545165824898
2025-01-12;L001;P005;Higiene;142,8245608467176
2025-01-19;L001;P005;Higiene;122,45625823416992
2025-01-26;L001;P005;Higiene;122,2148184239801
2025-02-02;L001;P005;Higiene;121,98417225661916
2025-02-09;L001;P005;Higiene;122,67394443835097
2025-02-16;L001;P005;Higiene;122,42534609095115
2025-02-23;L001;P005;Higiene;125,48315733421633
2025-01-05;L001;P005;Vestuário;92,30289577380798
2025-01-12;L001;P005;Vestuário;114,86464262466836
2025-01-19;L001;P005;Vestuário;115,74503863840015
2025-01-26;L001;P005;Vestuário;115,32933956895108
2025-02-02;L001;P005;Vestuário;115,09869340159011
2025-02-09;L001;P005;Vestuário;115,8256322499886
2025-02-16;L001;P005;Vestuário;115,59627464332952
2025-02-23;L001;P005;Vestuário;119,46871551622431
2025-01-05;L001;P006;Alimentos;76,99986113540851
2025-01-12;L001;P006;Alimentos;183,6985889085443
2025-01-19;L001;P006;Alimentos;119,30711816601382
2025-01-26;L001;P006;Alimentos;118,89141909656476
2025-02-02;L001;P006;Alimentos;118,66077292920382
2025-02-09;L001;P006;Alimentos;119,38771177760228
2025-02-16;L001;P006;Alimentos;119,33133565242468
2025-02-23;L001;P006;Alimentos;122,88946937333989
2025-01-05;L001;P006;Brinquedos;124,76929824097014
2025-01-12;L001;P006;Brinquedos;131,48891942489092
2025-01-19;L001;P006;Brinquedos;120,62758584699431
2025-01-26;L001;P006;Brinquedos;120,21188677754522
2025-02-02;L001;P006;Brinquedos;120,18600251494618
2025-02-09;L001;P006;Brinquedos;121,21558870633984
2025-02-16;L001;P006;Brinquedos;121,15921258116224
2025-02-23;L001;P006;Brinquedos;124,86454074652188
2025-01-05;L001;P006;Eletrônicos;119,87256117720293
2025-01-12;L001;P006;Eletrônicos;118,07565881081622
2025-01-19;L001;P006;Eletrônicos;117,5888529721297
2025-01-26;L001;P006;Eletrônicos;117,17315390268064
2025-02-02;L001;P006;Eletrônicos;116,94250773531967
2025-02-09;L001;P006;Eletrônicos;117,66944658371817
2025-02-16;L001;P006;Eletrônicos;117,76803342150355
2025-02-23;L001;P006;Eletrônicos;121,02920920591079
2025-01-05;L001;P006;Higiene;63,265745961530264
2025-01-12;L001;P006;Higiene;45,39279810943033
2025-01-19;L001;P006;Higiene;121,71063716802867
2025-01-26;L001;P006;Higiene;121,46919735783888
2025-02-02;L001;P006;Higiene;121,2385511904779
2025-02-09;L001;P006;Higiene;122,23097071520489
2025-02-16;L001;P006;Higiene;121,9823723678051
2025-02-23;L001;P006;Higiene;124,77705238501663
2025-01-05;L001;P006;Vestuário;114,63478774084983
2025-01-12;L001;P006;Vestuário;101,82820306921815
2025-01-19;L001;P006;Vestuário;113,9154911436702
2025-01-26;L001;P006;Vestuário;113,49979207422112
2025-02-02;L001;P006;Vestuário;113,26914590686016
2025-02-09;L001;P006;Vestuário;113,99608475525866
2025-02-16;L001;P006;Vestuário;113,76672714859957
2025-02-23;L001;P006;Vestuário;117,23719552559947
2025-01-05;L001;P007;Alimentos;85,47399494080372
2025-01-12;L001;P007;Alimentos;29,822696703765118
2025-01-19;L001;P007;Alimentos;117,87152577745212
2025-01-26;L001;P007;Alimentos;117,45582670800306
2025-02-02;L001;P007;Alimentos;117,22518054064209
2025-02-09;L001;P007;Alimentos;117,848930817612
2025-02-16;L001;P007;Alimentos;117,7925546924344
2025-02-23;L001;P007;Alimentos;121,35068841334959
2025-01-05;L001;P007;Brinquedos;72,32314946240987
2025-01-12;L001;P007;Brinquedos;152,38118249754638
2025-01-19;L001;P007;Brinquedos;119,78159301868679
2025-01-26;L001;P007;Brinquedos;119,36589394923773
2025-02-02;L001;P007;Brinquedos;119,13524778187677
2025-02-09;L001;P007;Brinquedos;120,06164540184184
2025-02-16;L001;P007;Brinquedos;120,00526927666424
2025-02-23;L001;P007;Brinquedos;123,71059744202391
2025-01-05;L001;P007;Eletrônicos;70,58635459318978
2025-01-12;L001;P007;Eletrônicos;92,5577284658174
2025-01-19;L001;P007;Eletrônicos;117,83872459167033
2025-01-26;L001;P007;Eletrônicos;117,42302552222127
2025-02-02;L001;P007;Eletrônicos;117,1923793548603
2025-02-09;L001;P007;Eletrônicos;118,11877697482538
2025-02-16;L001;P007;Eletrônicos;118,21736381261076
2025-02-23;L001;P007;Eletrônicos;121,61880308908151
2025-01-05;L001;P007;Higiene;152,49012350327928
2025-01-12;L001;P007;Higiene;92,98134952258397
2025-01-19;L001;P007;Higiene;118,51130241378506
2025-01-26;L001;P007;Higiene;118,26986260359527
2025-02-02;L001;P007;Higiene;118,03921643623433
2025-02-09;L001;P007;Higiene;118,62580004653758
2025-02-16;L001;P007;Higiene;118,37720169913776
2025-02-23;L001;P007;Higiene;121,03161822428572
2025-01-05;L001;P007;Vestuário;108,16655857573618
2025-01-12;L001;P007;Vestuário;34,26577494197572
2025-01-19;L001;P007;Vestuário;112,56552364746315
2025-01-26;L001;P007;Vestuário;112,14982457801409
2025-02-02;L001;P007;Vestuário;111,91917841065309
2025-02-09;L001;P007;Vestuário;112,54292868762303
2025-02-16;L001;P007;Vestuário;112,48655256244542
2025-02-23;L001;P007;Vestuário;115,95559871722308
2025-01-05;L001;P008;Alimentos;175,47257754800583
2025-01-12;L001;P008;Alimentos;43,114467724780575
2025-01-19;L001;P008;Alimentos;119,71107417729048
2025-01-26;L001;P008;Alimentos;119,29537510784144
2025-02-02;L001;P008;Alimentos;119,3864377921893
2025-02-09;L001;P008;Alimentos;120,41602398358295
2025-02-16;L001;P008;Alimentos;120,35964785840537
2025-02-23;L001;P008;Alimentos;123,76108713487612
2025-01-05;L001;P008;Brinquedos;85,73208282375697
2025-01-12;L001;P008;Brinquedos;110,77364779913997
2025-01-19;L001;P008;Brinquedos;119,68335719293758
2025-01-26;L001;P008;Brinquedos;119,2676581234885
2025-02-02;L001;P008;Brinquedos;119,1539589030745
2025-02-09;L001;P008;Brinquedos;119,880897751473
2025-02-16;L001;P008;Brinquedos;119,8245216262954
2025-02-23;L001;P008;Brinquedos;123,38958629959156
2025-01-05;L001;P008;Eletrônicos;128,22326925414936
2025-01-12;L001;P008;Eletrônicos;109,53524407660613
2025-01-19;L001;P008;Eletrônicos;117,24564828973067
2025-01-26;L001;P008;Eletrônicos;116,8299492202816
2025-02-02;L001;P008;Eletrônicos;116,71624999986757
2025-02-09;L001;P008;Eletrônicos;117,44318884826608
2025-02-16;L001;P008;Eletrônicos;117,54177568605142
2025-02-23;L001;P008;Eletrônicos;120,8029514704587
2025-01-05;L001;P008;Higiene;88,82853362847177
2025-01-12;L001;P008;Higiene;136,61721649683395
2025-01-19;L001;P008;Higiene;121,04828744634766
2025-01-26;L001;P008;Higiene;120,80684763615784
2025-02-02;L001;P008;Higiene;120,69314841574383
2025-02-09;L001;P008;Higiene;121,68556794047082
2025-02-16;L001;P008;Higiene;121,436969593071
2025-02-23;L001;P008;Higiene;124,38834405472696
2025-01-05;L001;P008;Vestuário;38,20168087438104
2025-01-12;L001;P008;Vestuário;33,651031572599976
2025-01-19;L001;P008;Vestuário;113,97983516314959
2025-01-26;L001;P008;Vestuário;113,56413609370051
2025-02-02;L001;P008;Vestuário;113,4504368732865
2025-02-09;L001;P008;Vestuário;114,177375721685
2025-02-16;L001;P008;Vestuário;113,94801811502589
2025-02-23;L001;P008;Vestuário;117,41706426980362
2025-01-05;L001;P009;Alimentos;87,86737622142088
2025-01-12;L001;P009;Alimentos;170,46740642110834
2025-01-19;L001;P009;Alimentos;115,15683467861331
2025-01-26;L001;P009;Alimentos;114,74113560916422
2025-02-02;L001;P009;Alimentos;114,51048944180324
2025-02-09;L001;P009;Alimentos;115,3512616235351
2025-02-16;L001;P009;Alimentos;115,57605216502415
2025-02-23;L001;P009;Alimentos;118,8386501716537
2025-01-05;L001;P009;Brinquedos;90,35019095968737
2025-01-12;L001;P009;Brinquedos;142,0334044782077
2025-01-19;L001;P009;Brinquedos;117,71371140419988
2025-01-26;L001;P009;Brinquedos;117,29801233475082
2025-02-02;L001;P009;Brinquedos;117,06736616738982
2025-02-09;L001;P009;Brinquedos;117,90813834912169
2025-02-16;L001;P009;Brinquedos;118,13292889061073
2025-02-23;L001;P009;Brinquedos;121,99495150041483
2025-01-05;L001;P009;Eletrônicos;93,19093215588639
2025-01-12;L001;P009;Eletrônicos;165,52331373815093
2025-01-19;L001;P009;Eletrônicos;114,58740362038877
2025-01-26;L001;P009;Eletrônicos;114,17170455093968
2025-02-02;L001;P009;Eletrônicos;113,9410583835787
2025-02-09;L001;P009;Eletrônicos;114,78183056531057
2025-02-16;L001;P009;Eletrônicos;114,88041740309592
2025-02-23;L001;P009;Eletrônicos;118,14159318750326
2025-01-05;L001;P009;Higiene;125,44021896120474
2025-01-12;L001;P009;Higiene;142,60831916651844
2025-01-19;L001;P009;Higiene;116,09807192543822
2025-01-26;L001;P009;Higiene;115,8566321152484
2025-02-02;L001;P009;Higiene;115,62598594788743
2025-02-09;L001;P009;Higiene;116,42959146295262
2025-02-16;L001;P009;Higiene;116,46215978221946
2025-02-23;L001;P009;Higiene;119,11657630736751
2025-01-05;L001;P009;Vestuário;68,43504428048409
2025-01-12;L001;P009;Vestuário;59,98204429127897
2025-01-19;L001;P009;Vestuário;111,9629968898033
2025-01-26;L001;P009;Vestuário;111,54729782035425
2025-02-02;L001;P009;Vestuário;111,31665165299324
2025-02-09;L001;P009;Vestuário;112,15742383472508
2025-02-16;L001;P009;Vestuário;112,20923289473268
2025-02-23;L001;P009;Vestuário;115,97523698601826
2025-01-05;L001;P010;Alimentos;127,27895466672933
2025-01-12;L001;P010;Alimentos;150,99328860821106
2025-01-19;L001;P010;Alimentos;124,13223424013476
2025-01-26;L001;P010;Alimentos;123,89079442994495
2025-02-02;L001;P010;Alimentos;123,77272003907328
2025-02-09;L001;P010;Alimentos;124,80230623046693
2025-02-16;L001;P010;Alimentos;124,47230452389398
2025-02-23;L001;P010;Alimentos;126,74512177966518
2025-01-05;L001;P010;Brinquedos;94,7491587809048
2025-01-12;L001;P010;Brinquedos;156,0566953433127
2025-01-19;L001;P010;Brinquedos;124,05583632391712
2025-01-26;L001;P010;Brinquedos;123,8143965137273
2025-02-02;L001;P010;Brinquedos;123,49156021809372
2025-02-09;L001;P010;Brinquedos;124,21849906649223
2025-02-16;L001;P010;Brinquedos;123,88849735991926
2025-02-23;L001;P010;Brinquedos;126,32494001251587
2025-01-05;L001;P010;Eletrônicos;112,11571639468127
2025-01-12;L001;P010;Eletrônicos;69,16406506952715
2025-01-19;L001;P010;Eletrônicos;123,32457985609032
2025-01-26;L001;P010;Eletrônicos;123,0831400459005
2025-02-02;L001;P010;Eletrônicos;122,76030375026693
2025-02-09;L001;P010;Eletrônicos;123,7898899416606
2025-02-16;L001;P010;Eletrônicos;123,6148511980506
2025-02-23;L001;P010;Eletrônicos;125,88766845382183
2025-01-05;L001;P010;Higiene;34,01354127805956
2025-01-12;L001;P010;Higiene;31,684438773644647
2025-01-19;L001;P010;Higiene;126,41624917337724
2025-01-26;L001;P010;Higiene;126,17480936318745
2025-02-02;L001;P010;Higiene;125,85197306755387
2025-02-09;L001;P010;Higiene;126,84439259228085
2025-02-16;L001;P010;Higiene;126,3221686634857
2025-02-23;L001;P010;Higiene;128,28943036370134
2025-01-05;L001;P010;Vestuário;61,339045645440514
2025-01-12;L001;P010;Vestuário;32,204807537375935
2025-01-19;L001;P010;Vestuário;118,23551556231665
2025-01-26;L001;P010;Vestuário;117,99407575212683
2025-02-02;L001;P010;Vestuário;117,67123945649328
2025-02-09;L001;P010;Vestuário;118,39817830489174
2025-02-16;L001;P010;Vestuário;117,89519511683733
2025-02-23;L001;P010;Vestuário;120,23561925091536
2025-01-05;L002;P001;Alimentos;160,3237417508387
2025-01-12;L002;P001;Alimentos;153,59172659524623
2025-01-19;L002;P001;Alimentos;114,56019587349353
2025-01-26;L002;P001;Alimentos;114,14449680404446
2025-02-02;L002;P001;Alimentos;113,91385063668346
2025-02-09;L002;P001;Alimentos;114,5436744233536
2025-02-16;L002;P001;Alimentos;114,48729829817599
2025-02-23;L002;P001;Alimentos;117,74847408258331
2025-01-05;L002;P001;Brinquedos;166,93247560434588
2025-01-12;L002;P001;Brinquedos;177,56377708971024
2025-01-19;L002;P001;Brinquedos;116,30231557035772
2025-01-26;L002;P001;Brinquedos;115,88661650090864
2025-02-02;L002;P001;Brinquedos;115,65597033354767
2025-02-09;L002;P001;Brinquedos;116,28579412021776
2025-02-16;L002;P001;Brinquedos;116,22941799504018
2025-02-23;L002;P001;Brinquedos;119,79448266833637
2025-01-05;L002;P001;Eletrônicos;49,006908544661094
2025-01-12;L002;P001;Eletrônicos;30,178516559834964
2025-01-19;L002;P001;Eletrônicos;115,47062562448411
2025-01-26;L002;P001;Eletrônicos;115,05492655503505
2025-02-02;L002;P001;Eletrônicos;114,82428038767411
2025-02-09;L002;P001;Eletrônicos;115,45410417434418
2025-02-16;L002;P001;Eletrônicos;115,55269101212953
2025-02-23;L002;P001;Eletrônicos;118,41127420394427
2025-01-05;L002;P001;Higiene;153,8777453235494
2025-01-12;L002;P001;Higiene;157,44200153247363
2025-01-19;L002;P001;Higiene;116,17259098569689
2025-01-26;L002;P001;Higiene;115,93115117550704
2025-02-02;L002;P001;Higiene;115,7005050081461
2025-02-09;L002;P001;Higiene;116,29316212814953
2025-02-16;L002;P001;Higiene;116,0445637807497
2025-02-23;L002;P001;Higiene;118,69898030589773
2025-01-05;L002;P001;Vestuário;59,51492465183159
2025-01-12;L002;P001;Vestuário;31,38063245320084
2025-01-19;L002;P001;Vestuário;111,79693811602333
2025-01-26;L002;P001;Vestuário;111,38123904657427
2025-02-02;L002;P001;Vestuário;111,15059287921329
2025-02-09;L002;P001;Vestuário;111,78041666588338
2025-02-16;L002;P001;Vestuário;111,38437387403911
2025-02-23;L002;P001;Vestuário;115,15037796532468
2025-01-05;L002;P002;Alimentos;151,4785498433305
2025-01-12;L002;P002;Alimentos;125,691225932581
2025-01-19;L002;P002;Alimentos;117,04076969468173
2025-01-26;L002;P002;Alimentos;116,62507062523264
2025-02-02;L002;P002;Alimentos;116,3944244578717
2025-02-09;L002;P002;Alimentos;117,0242482445418
2025-02-16;L002;P002;Alimentos;116,87765739543781
2025-02-23;L002;P002;Alimentos;120,43579111635299
2025-01-05;L002;P002;Brinquedos;120,67223739757418
2025-01-12;L002;P002;Brinquedos;157,78333421191843
2025-01-19;L002;P002;Brinquedos;118,33036700529182
2025-01-26;L002;P002;Brinquedos;117,91466793584276
2025-02-02;L002;P002;Brinquedos;117,68402176848181
2025-02-09;L002;P002;Brinquedos;118,61649289814704
2025-02-16;L002;P002;Brinquedos;118,46990204904309
2025-02-23;L002;P002;Brinquedos;122,17523021440272
2025-01-05;L002;P002;Eletrônicos;78,63429274397609
2025-01-12;L002;P002;Eletrônicos;101,57965176025021
2025-01-19;L002;P002;Eletrônicos;116,73448392749238
2025-01-26;L002;P002;Eletrônicos;116,31878485804332
2025-02-02;L002;P002;Eletrônicos;116,08813869068234
2025-02-09;L002;P002;Eletrônicos;116,71796247735243
2025-02-16;L002;P002;Eletrônicos;116,72633459121141
2025-02-23;L002;P002;Eletrônicos;120,28446831212663
2025-01-05;L002;P002;Higiene;137,82070770565718
2025-01-12;L002;P002;Higiene;31,458372839578708
2025-01-19;L002;P002;Higiene;119,42747388475281
2025-01-26;L002;P002;Higiene;119,186034074563
2025-02-02;L002;P002;Higiene;118,95538790720205
2025-02-09;L002;P002;Higiene;119,85069237020063
2025-02-16;L002;P002;Higiene;119,51187929887443
2025-02-23;L002;P002;Higiene;122,46325376053038
2025-01-05;L002;P002;Vestuário;138,42836401540205
2025-01-12;L002;P002;Vestuário;139,0907846270455
2025-01-19;L002;P002;Vestuário;111,3964564106296
2025-01-26;L002;P002;Vestuário;110,9807573411805
2025-02-02;L002;P002;Vestuário;110,75011117381953
2025-02-09;L002;P002;Vestuário;111,37993496048962
2025-02-16;L002;P002;Vestuário;110,89367744471897
2025-02-23;L002;P002;Vestuário;114,36414582171888
2025-01-05;L002;P003;Alimentos;144,03828655275984
2025-01-12;L002;P003;Alimentos;33,06340668060742
2025-01-19;L002;P003;Alimentos;114,7386844421847
2025-01-26;L002;P003;Alimentos;114,32298537273564
2025-02-02;L002;P003;Alimentos;114,09233920537464
2025-02-09;L002;P003;Alimentos;114,72216299204476
2025-02-16;L002;P003;Alimentos;114,57557214294077
2025-02-23;L002;P003;Alimentos;117,0624815971412
2025-01-05;L002;P003;Brinquedos;161,27609662436726
2025-01-12;L002;P003;Brinquedos;149,86818498114232
2025-01-19;L002;P003;Brinquedos;115,45659476840338
2025-01-26;L002;P003;Brinquedos;115,04089569895432
2025-02-02;L002;P003;Brinquedos;114,81024953159336
2025-02-09;L002;P003;Brinquedos;115,44007331826343
2025-02-16;L002;P003;Brinquedos;115,29348246915947
2025-02-23;L002;P003;Brinquedos;118,21928081224877
2025-01-05;L002;P003;Eletrônicos;92,95489774192009
2025-01-12;L002;P003;Eletrônicos;114,88318511929288
2025-01-19;L002;P003;Eletrônicos;114,12172995360085
2025-01-26;L002;P003;Eletrônicos;113,70603088415177
2025-02-02;L002;P003;Eletrônicos;113,4753847167908
2025-02-09;L002;P003;Eletrônicos;114,10520850346089
2025-02-16;L002;P003;Eletrônicos;114,11358061731987
2025-02-23;L002;P003;Eletrônicos;116,60049007152033
2025-01-05;L002;P003;Higiene;86,7826861126203
2025-01-12;L002;P003;Higiene;31,491755826961697
2025-01-19;L002;P003;Higiene;117,46287899058154
2025-01-26;L002;P003;Higiene;117,22143918039173
2025-02-02;L002;P003;Higiene;116,99079301303075
2025-02-09;L002;P003;Higiene;117,58345013303418
2025-02-16;L002;P003;Higiene;117,24463706170798
2025-02-23;L002;P003;Higiene;119,42032297093485
2025-01-05;L002;P003;Vestuário;51,4260966527706
2025-01-12;L002;P003;Vestuário;167,16558662273457
2025-01-19;L002;P003;Vestuário;110,27529724771382
2025-01-26;L002;P003;Vestuário;109,85959817826476
2025-02-02;L002;P003;Vestuário;109,62895201090379
2025-02-09;L002;P003;Vestuário;110,25877579757389
2025-02-16;L002;P003;Vestuário;109,77251828180323
2025-02-23;L002;P003;Vestuário;112,60229810637401
2025-01-05;L002;P004;Alimentos;198,0666826599327
2025-01-12;L002;P004;Alimentos;193,1601513299871
2025-01-19;L002;P004;Alimentos;116,85867792506144
2025-01-26;L002;P004;Alimentos;116,44297885561235
2025-02-02;L002;P004;Alimentos;116,21233268825141
2025-02-09;L002;P004;Alimentos;116,84215647492151
2025-02-16;L002;P004;Alimentos;116,7857803497439
2025-02-23;L002;P004;Alimentos;119,92893391192895
2025-01-05;L002;P004;Brinquedos;84,88940754847867
2025-01-12;L002;P004;Brinquedos;38,06978806041407
2025-01-19;L002;P004;Brinquedos;119,39008964001187
2025-01-26;L002;P004;Brinquedos;118,9743905705628
2025-02-02;L002;P004;Brinquedos;118,94850630796374
2025-02-09;L002;P004;Brinquedos;119,880977437629
2025-02-16;L002;P004;Brinquedos;119,82460131245139
2025-02-23;L002;P004;Brinquedos;123,41048503336661
2025-01-05;L002;P004;Eletrônicos;132,30319388938963
2025-01-12;L002;P004;Eletrônicos;51,866084846378286
2025-01-19;L002;P004;Eletrônicos;118,38742878875297
2025-01-26;L002;P004;Eletrônicos;117,97172971930391
2025-02-02;L002;P004;Eletrônicos;117,94584545670484
2025-02-09;L002;P004;Eletrônicos;118,87831658637008
2025-02-16;L002;P004;Eletrônicos;118,97690342415544
2025-02-23;L002;P004;Eletrônicos;122,25889825618175
2025-01-05;L002;P004;Higiene;171,5766025819367
2025-01-12;L002;P004;Higiene;144,80664707950166
2025-01-19;L002;P004;Higiene;118,45925336012081
2025-01-26;L002;P004;Higiene;118,21781354993101
2025-02-02;L002;P004;Higiene;117,98716738257006
2025-02-09;L002;P004;Higiene;118,57982450257349
2025-02-16;L002;P004;Higiene;118,33122615517367
2025-02-23;L002;P004;Higiene;120,86762045809944
2025-01-05;L002;P004;Vestuário;173,14031470102907
2025-01-12;L002;P004;Vestuário;152,19796520833742
2025-01-19;L002;P004;Vestuário;112,82491433508369
2025-01-26;L002;P004;Vestuário;112,40921526563463
2025-02-02;L002;P004;Vestuário;112,17856909827366
2025-02-09;L002;P004;Vestuário;112,80839288494376
2025-02-16;L002;P004;Vestuário;112,41235009309948
2025-02-23;L002;P004;Vestuário;115,76195180343272
2025-01-05;L002;P005;Alimentos;46,506429979824965
2025-01-12;L002;P005;Alimentos;100,49197257140695
2025-01-19;L002;P005;Alimentos;117,48749904493098
2025-01-26;L002;P005;Alimentos;117,0717999754819
2025-02-02;L002;P005;Alimentos;116,84115380812092
2025-02-09;L002;P005;Alimentos;117,7736249377862
2025-02-16;L002;P005;Alimentos;117,7172488126086
2025-02-23;L002;P005;Alimentos;121,38181931513296
2025-01-05;L002;P005;Brinquedos;132,48555646365705
2025-01-12;L002;P005;Brinquedos;37,74376569231605
2025-01-19;L002;P005;Brinquedos;118,50147059364699
2025-01-26;L002;P005;Brinquedos;118,08577152419792
2025-02-02;L002;P005;Brinquedos;117,85512535683696
2025-02-09;L002;P005;Brinquedos;118,7875964865022
2025-02-16;L002;P005;Brinquedos;118,73122036132459
2025-02-23;L002;P005;Brinquedos;122,6996797527379
2025-01-05;L002;P005;Eletrônicos;63,17667919006644
2025-01-12;L002;P005;Eletrônicos;65,63656677899704
2025-01-19;L002;P005;Eletrônicos;115,79860399673895
2025-01-26;L002;P005;Eletrônicos;115,38290492728986
2025-02-02;L002;P005;Eletrônicos;115,15225875992888
2025-02-09;L002;P005;Eletrônicos;115,78208254659897
2025-02-16;L002;P005;Eletrônicos;115,88066938438433
2025-02-23;L002;P005;Eletrônicos;119,24828195040085
2025-01-05;L002;P005;Higiene;117,95992332925184
2025-01-12;L002;P005;Higiene;29,67301159896747
2025-01-19;L002;P005;Higiene;117,56750419240113
2025-01-26;L002;P005;Higiene;117,32606438221133
2025-02-02;L002;P005;Higiene;117,09541821485035
2025-02-09;L002;P005;Higiene;117,68807533485378
2025-02-16;L002;P005;Higiene;117,43947698745396
2025-02-23;L002;P005;Higiene;120,20033029421116
2025-01-05;L002;P005;Vestuário;78,0186860962055
2025-01-12;L002;P005;Vestuário;72,23762045374488
2025-01-19;L002;P005;Vestuário;111,61845574714494
2025-01-26;L002;P005;Vestuário;111,20275667769585
2025-02-02;L002;P005;Vestuário;110,97211051033487
2025-02-09;L002;P005;Vestuário;111,60193429700497
2025-02-16;L002;P005;Vestuário;111,2058915051607
2025-02-23;L002;P005;Vestuário;114,78137444154757
2025-01-05;L002;P006;Alimentos;73,72167636588888
2025-01-12;L002;P006;Alimentos;150,75427412433416
2025-01-19;L002;P006;Alimentos;114,76897306152355
2025-01-26;L002;P006;Alimentos;114,35327399207446
2025-02-02;L002;P006;Alimentos;114,12262782471349
2025-02-09;L002;P006;Alimentos;114,7524516113836
2025-02-16;L002;P006;Alimentos;114,69607548620598
2025-02-23;L002;P006;Alimentos;117,9572512706133
2025-01-05;L002;P006;Brinquedos;88,85228974685253
2025-01-12;L002;P006;Brinquedos;41,10997364240958
2025-01-19;L002;P006;Brinquedos;117,33683237973258
2025-01-26;L002;P006;Brinquedos;116,92113331028352
2025-02-02;L002;P006;Brinquedos;116,69048714292258
2025-02-09;L002;P006;Brinquedos;117,32031092959267
2025-02-16;L002;P006;Brinquedos;117,26393480441506
2025-02-23;L002;P006;Brinquedos;121,12595741421916
2025-01-05;L002;P006;Eletrônicos;118,7640902420524
2025-01-12;L002;P006;Eletrônicos;108,04442372903691
2025-01-19;L002;P006;Eletrônicos;114,86212274721697
2025-01-26;L002;P006;Eletrônicos;114,44642367776791
2025-02-02;L002;P006;Eletrônicos;114,21577751040694
2025-02-09;L002;P006;Eletrônicos;114,84560129707704
2025-02-16;L002;P006;Eletrônicos;114,94418813486239
2025-02-23;L002;P006;Eletrônicos;118,20678614149193
2025-01-05;L002;P006;Higiene;179,1407938751044
2025-01-12;L002;P006;Higiene;186,69595766074127
2025-01-19;L002;P006;Higiene;118,6599656916173
2025-01-26;L002;P006;Higiene;118,41852588142751
2025-02-02;L002;P006;Higiene;118,18787971406655
2025-02-09;L002;P006;Higiene;119,08318417706512
2025-02-16;L002;P006;Higiene;118,8345858296653
2025-02-23;L002;P006;Higiene;121,6292658468768
2025-01-05;L002;P006;Vestuário;82,8000523583403
2025-01-12;L002;P006;Vestuário;186,4408618449804
2025-01-19;L002;P006;Vestuário;112,1080385810114
2025-01-26;L002;P006;Vestuário;111,69233951156234
2025-02-02;L002;P006;Vestuário;111,46169334420136
2025-02-09;L002;P006;Vestuário;112,39416447386662
2025-02-16;L002;P006;Vestuário;111,99812168202234
2025-02-23;L002;P006;Vestuário;115,60743132886348
2025-01-05;L002;P007;Alimentos;185,35917157009325
2025-01-12;L002;P007;Alimentos;170,14800617263748
2025-01-19;L002;P007;Alimentos;113,7601417759628
2025-01-26;L002;P007;Alimentos;113,3444427065137
2025-02-02;L002;P007;Alimentos;113,11379653915276
2025-02-09;L002;P007;Alimentos;113,64043175439429
2025-02-16;L002;P007;Alimentos;113,58405562921668
2025-02-23;L002;P007;Alimentos;116,84665363584624
2025-01-05;L002;P007;Brinquedos;208,1828851611352
2025-01-12;L002;P007;Brinquedos;182,67949451269303
2025-01-19;L002;P007;Brinquedos;115,1923460284873
2025-01-26;L002;P007;Brinquedos;114,77664695903823
2025-02-02;L002;P007;Brinquedos;114,54600079167729
2025-02-09;L002;P007;Brinquedos;115,07263600691881
2025-02-16;L002;P007;Brinquedos;115,0162598817412
2025-02-23;L002;P007;Brinquedos;118,5827467772596
2025-01-05;L002;P007;Eletrônicos;40,801863100221425
2025-01-12;L002;P007;Eletrônicos;32,42992543962621
2025-01-19;L002;P007;Eletrônicos;112,6550371137609
2025-01-26;L002;P007;Eletrônicos;112,23933804431184
2025-02-02;L002;P007;Eletrônicos;112,00869187695086
2025-02-09;L002;P007;Eletrônicos;112,53532709219236
2025-02-16;L002;P007;Eletrônicos;112,63391392997774
2025-02-23;L002;P007;Eletrônicos;115,89508971438505
2025-01-05;L002;P007;Higiene;42,82507226980563
2025-01-12;L002;P007;Higiene;34,320380302268525
2025-01-19;L002;P007;Higiene;117,60094528553692
2025-01-26;L002;P007;Higiene;117,3595054753471
2025-02-02;L002;P007;Higiene;117,33362121274807
2025-02-09;L002;P007;Higiene;118,12573710431808
2025-02-16;L002;P007;Higiene;117,87713875691826
2025-02-23;L002;P007;Higiene;120,67181877412973
2025-01-05;L002;P007;Vestuário;158,09935523035878
2025-01-12;L002;P007;Vestuário;133,82734593016855
2025-01-19;L002;P007;Vestuário;109,46721818000823
2025-01-26;L002;P007;Vestuário;109,05151911055914
2025-02-02;L002;P007;Vestuário;108,82087294319817
2025-02-09;L002;P007;Vestuário;109,3475081584397
2025-02-16;L002;P007;Vestuário;109,29113203326209
2025-02-23;L002;P007;Vestuário;112,76160041026196
2025-01-05;L002;P008;Alimentos;120,47385154752459
2025-01-12;L002;P008;Alimentos;167,57907038287377
2025-01-19;L002;P008;Alimentos;116,59833336046987
2025-01-26;L002;P008;Alimentos;116,18263429102078
2025-02-02;L002;P008;Alimentos;116,06893507060676
2025-02-09;L002;P008;Alimentos;117,00140620027203
2025-02-16;L002;P008;Alimentos;116,94503007509442
2025-02-23;L002;P008;Alimentos;120,3464693515652
2025-01-05;L002;P008;Brinquedos;109,27184035785827
2025-01-12;L002;P008;Brinquedos;93,09702282433778
2025-01-19;L002;P008;Brinquedos;117,81341602029701
2025-01-26;L002;P008;Brinquedos;117,39771695084792
2025-02-02;L002;P008;Brinquedos;117,28401773043392
2025-02-09;L002;P008;Brinquedos;118,21648886009918
2025-02-16;L002;P008;Brinquedos;118,16011273492157
2025-02-23;L002;P008;Brinquedos;121,86544090028123
2025-01-05;L002;P008;Eletrônicos;118,63101386513993
2025-01-12;L002;P008;Eletrônicos;154,98004760907972
2025-01-19;L002;P008;Eletrônicos;114,51397606693916
2025-01-26;L002;P008;Eletrônicos;114,0982769974901
2025-02-02;L002;P008;Eletrônicos;113,98457777707604
2025-02-09;L002;P008;Eletrônicos;114,61440156374617
2025-02-16;L002;P008;Eletrônicos;114,71298840153152
2025-02-23;L002;P008;Eletrônicos;117,97416418593883
2025-01-05;L002;P008;Higiene;87,84524538254219
2025-01-12;L002;P008;Higiene;31,833384624090492
2025-01-19;L002;P008;Higiene;118,33675630850594
2025-01-26;L002;P008;Higiene;118,09531649831615
2025-02-02;L002;P008;Higiene;118,18637918266403
2025-02-09;L002;P008;Higiene;119,08168364566261
2025-02-16;L002;P008;Higiene;118,83308529826279
2025-02-23;L002;P008;Higiene;121,62776531547429
2025-01-05;L002;P008;Vestuário;48,61711597626674
2025-01-12;L002;P008;Vestuário;66,33514796559734
2025-01-19;L002;P008;Vestuário;111,63751651052075
2025-01-26;L002;P008;Vestuário;111,22181744107164
2025-02-02;L002;P008;Vestuário;111,10811822065763
2025-02-09;L002;P008;Vestuário;111,73794200732773
2025-02-16;L002;P008;Vestuário;111,34189921548345
2025-02-23;L002;P008;Vestuário;115,10790330676905
2025-01-05;L002;P009;Alimentos;166,33850503148113
2025-01-12;L002;P009;Alimentos;148,26359078739483
2025-01-19;L002;P009;Alimentos;113,1933872823913
2025-01-26;L002;P009;Alimentos;112,77768821294222
2025-02-02;L002;P009;Alimentos;112,54704204558125
2025-02-09;L002;P009;Alimentos;113,29069916558468
2025-02-16;L002;P009;Alimentos;113,51548970707374
2025-02-23;L002;P009;Alimentos;117,07362342798903
2025-01-05;L002;P009;Brinquedos;137,84296001847653
2025-01-12;L002;P009;Brinquedos;176,77537109559847
2025-01-19;L002;P009;Brinquedos;113,6091386312622
2025-01-26;L002;P009;Brinquedos;113,19343956181314
2025-02-02;L002;P009;Brinquedos;112,96279339445219
2025-02-09;L002;P009;Brinquedos;113,7064505144556
2025-02-16;L002;P009;Brinquedos;113,93124105594465
2025-02-23;L002;P009;Brinquedos;117,49772795146315
2025-01-05;L002;P009;Eletrônicos;129,29958946524215
2025-01-12;L002;P009;Eletrônicos;113,81119683153076
2025-01-19;L002;P009;Eletrônicos;113,17472105058609
2025-01-26;L002;P009;Eletrônicos;112,75902198113702
2025-02-02;L002;P009;Eletrônicos;112,52837581377605
2025-02-09;L002;P009;Eletrônicos;113,57468027677464
2025-02-16;L002;P009;Eletrônicos;113,67326711456
2025-02-23;L002;P009;Eletrônicos;117,23140083547528
2025-01-05;L002;P009;Higiene;125,01796133124903
2025-01-12;L002;P009;Higiene;32,37056930052517
2025-01-19;L002;P009;Higiene;115,77143386435314
2025-01-26;L002;P009;Higiene;115,52999405416332
2025-02-02;L002;P009;Higiene;115,50410979156426
2025-02-09;L002;P009;Higiene;116,5132475878962
2025-02-16;L002;P009;Higiene;116,54581590716305
2025-02-23;L002;P009;Higiene;119,34049592437461
2025-01-05;L002;P009;Vestuário;186,69808477633487
2025-01-12;L002;P009;Vestuário;189,99689940498743
2025-01-19;L002;P009;Vestuário;107,27250094528578
2025-01-26;L002;P009;Vestuário;106,8568018758367
2025-02-02;L002;P009;Vestuário;106,62615570847574
2025-02-09;L002;P009;Vestuário;107,36981282847917
2025-02-16;L002;P009;Vestuário;107,25493670330157
2025-02-23;L002;P009;Vestuário;110,72398285807921
2025-01-05;L002;P010;Alimentos;149,40046612208255
2025-01-12;L002;P010;Alimentos;193,15210196112545
2025-01-19;L002;P010;Alimentos;119,3334832874367
2025-01-26;L002;P010;Alimentos;119,09204347724689
2025-02-02;L002;P010;Alimentos;118,76920718161334
2025-02-09;L002;P010;Alimentos;119,3990309682834
2025-02-16;L002;P010;Alimentos;118,99302926171048
2025-02-23;L002;P010;Alimentos;121,12700524764035
2025-01-05;L002;P010;Brinquedos;143,32265928789548
2025-01-12;L002;P010;Brinquedos;97,92073982883215
2025-01-19;L002;P010;Brinquedos;121,71441626450364
2025-01-26;L002;P010;Brinquedos;121,47297645431382
2025-02-02;L002;P010;Brinquedos;121,15014015868027
2025-02-09;L002;P010;Brinquedos;122,0826112883455
2025-02-16;L002;P010;Brinquedos;121,67660958177257
2025-02-23;L002;P010;Brinquedos;124,41001017087709
2025-01-05;L002;P010;Eletrônicos;123,84127978704974
2025-01-12;L002;P010;Eletrônicos;29,93532636114476
2025-01-19;L002;P010;Eletrônicos;119,96298825667652
2025-01-26;L002;P010;Eletrônicos;119,72154844648672
2025-02-02;L002;P010;Eletrônicos;119,39871215085314
2025-02-09;L002;P010;Eletrônicos;120,02853593752324
2025-02-16;L002;P010;Eletrônicos;119,77749719391328
2025-02-23;L002;P010;Eletrônicos;122,20700889412886
2025-01-05;L002;P010;Higiene;37,896847486903326
2025-01-12;L002;P010;Higiene;33,35937239557826
2025-01-19;L002;P010;Higiene;123,30022369179787
2025-01-26;L002;P010;Higiene;123,05878388160805
2025-02-02;L002;P010;Higiene;122,73594758597447
2025-02-09;L002;P010;Higiene;123,63125204897308
2025-02-16;L002;P010;Higiene;123,03302812017792
2025-02-23;L002;P010;Higiene;125,00028982039355
2025-01-05;L002;P010;Vestuário;138,57071242423999
2025-01-12;L002;P010;Vestuário;42,50681940598543
2025-01-19;L002;P010;Vestuário;115,38976533326253
2025-01-26;L002;P010;Vestuário;115,14832552307269
2025-02-02;L002;P010;Vestuário;114,82548922743912
2025-02-09;L002;P010;Vestuário;115,45531301410922
2025-02-16;L002;P010;Vestuário;114,7096446408696
2025-02-23;L002;P010;Vestuário;117,05006877494768
2025-01-05;L003;P001;Alimentos;41,36206096242853
2025-01-12;L003;P001;Alimentos;30,775393553211956
2025-01-19;L003;P001;Alimentos;119,03437458808199
2025-01-26;L003;P001;Alimentos;118,52536202656944
2025-02-02;L003;P001;Alimentos;118,2947158592085
2025-02-09;L003;P001;Alimentos;119,02165470760697
2025-02-16;L003;P001;Alimentos;118,96527858242936
2025-02-23;L003;P001;Alimentos;122,22645436683662
2025-01-05;L003;P001;Brinquedos;151,28616420746255
2025-01-12;L003;P001;Brinquedos;128,81725087356762
2025-01-19;L003;P001;Brinquedos;121,24493223947186
2025-01-26;L003;P001;Brinquedos;120,73591967795932
2025-02-02;L003;P001;Brinquedos;120,50527351059837
2025-02-09;L003;P001;Brinquedos;121,23221235899686
2025-02-16;L003;P001;Brinquedos;121,17583623381925
2025-02-23;L003;P001;Brinquedos;125,03785884362335
2025-01-05;L003;P001;Eletrônicos;43,986752268821
2025-01-12;L003;P001;Eletrônicos;29,299543014861424
2025-01-19;L003;P001;Eletrônicos;119,55549410877512
2025-01-26;L003;P001;Eletrônicos;119,04648154726257
2025-02-02;L003;P001;Eletrônicos;118,81583537990161
2025-02-09;L003;P001;Eletrônicos;119,54277422830012
2025-02-16;L003;P001;Eletrônicos;119,64136106608547
2025-02-23;L003;P001;Eletrônicos;123,19949478700063
2025-01-05;L003;P001;Higiene;193,7882123387282
2025-01-12;L003;P001;Higiene;150,08674218590284
2025-01-19;L003;P001;Higiene;121,95134442715838
2025-01-26;L003;P001;Higiene;121,6165911249051
2025-02-02;L003;P001;Higiene;121,590706862306
2025-02-09;L003;P001;Higiene;122,28047904403783
2025-02-16;L003;P001;Higiene;122,03188069663804
2025-02-23;L003;P001;Higiene;124,82656071384955
2025-01-05;L003;P001;Vestuário;97,27478899820095
2025-01-12;L003;P001;Vestuário;33,102866848435234
2025-01-19;L003;P001;Vestuário;115,70307423764486
2025-01-26;L003;P001;Vestuário;115,19406167613234
2025-02-02;L003;P001;Vestuário;114,96341550877138
2025-02-09;L003;P001;Vestuário;115,69035435716985
2025-02-16;L003;P001;Vestuário;115,46099675051077
2025-02-23;L003;P001;Vestuário;119,22700084179637
2025-01-05;L003;P002;Alimentos;100,17197510913357
2025-01-12;L003;P002;Alimentos;106,34003389874206
2025-01-19;L003;P002;Alimentos;119,2339063481523
2025-01-26;L003;P002;Alimentos;118,72489378663975
2025-02-02;L003;P002;Alimentos;118,49424761927881
2025-02-09;L003;P002;Alimentos;119,2211864676773
2025-02-16;L003;P002;Alimentos;119,07459561857331
2025-02-23;L003;P002;Alimentos;122,33577140298058
2025-01-05;L003;P002;Brinquedos;52,25253049272225
2025-01-12;L003;P002;Brinquedos;161,91226741514947
2025-01-19;L003;P002;Brinquedos;120,9080910452383
2025-01-26;L003;P002;Brinquedos;120,39907848372576
2025-02-02;L003;P002;Brinquedos;120,16843231636477
2025-02-09;L003;P002;Brinquedos;120,89537116476328
2025-02-16;L003;P002;Brinquedos;120,74878031565929
2025-02-23;L003;P002;Brinquedos;124,31384498895547
2025-01-05;L003;P002;Eletrônicos;117,13373462072394
2025-01-12;L003;P002;Eletrônicos;95,93738012156071
2025-01-19;L003;P002;Eletrônicos;120,00773192760174
2025-01-26;L003;P002;Eletrônicos;119,4987193660892
2025-02-02;L003;P002;Eletrônicos;119,47283510349014
2025-02-09;L003;P002;Eletrônicos;120,19977395188863
2025-02-16;L003;P002;Eletrônicos;120,20814606574761
2025-02-23;L003;P002;Eletrônicos;123,60958534221834
2025-01-05;L003;P002;Higiene;132,61046254119782
2025-01-12;L003;P002;Higiene;33,0083342392901
2025-01-19;L003;P002;Higiene;121,41332209563237
2025-01-26;L003;P002;Higiene;121,07856879337905
2025-02-02;L003;P002;Higiene;120,84792262601809
2025-02-09;L003;P002;Higiene;121,53769480774994
2025-02-16;L003;P002;Higiene;121,19888173642374
2025-02-23;L003;P002;Higiene;123,85472048379395
2025-01-05;L003;P002;Vestuário;73,75665489824527
2025-01-12;L003;P002;Vestuário;173,8289759114881
2025-01-19;L003;P002;Vestuário;116,28818464582527
2025-01-26;L003;P002;Vestuário;115,77917208431269
2025-02-02;L003;P002;Vestuário;115,54852591695175
2025-02-09;L003;P002;Vestuário;116,27546476535024
2025-02-16;L003;P002;Vestuário;115,95589243476475
2025-02-23;L003;P002;Vestuário;119,72189652605039
2025-01-05;L003;P003;Alimentos;192,50138136941757
2025-01-12;L003;P003;Alimentos;149,44032747875588
2025-01-19;L003;P003;Alimentos;117,45876645494252
2025-01-26;L003;P003;Alimentos;116,94975389342996
2025-02-02;L003;P003;Alimentos;116,71910772606898
2025-02-09;L003;P003;Alimentos;117,44604657446747
2025-02-16;L003;P003;Alimentos;117,29945572536349
2025-02-23;L003;P003;Alimentos;119,92136517956389
2025-01-05;L003;P003;Brinquedos;92,81212486651155
2025-01-12;L003;P003;Brinquedos;144,7548159808528
2025-01-19;L003;P003;Brinquedos;119,33643761619024
2025-01-26;L003;P003;Brinquedos;118,82742505467769
2025-02-02;L003;P003;Brinquedos;118,59677888731673
2025-02-09;L003;P003;Brinquedos;119,32371773571523
2025-02-16;L003;P003;Brinquedos;119,17712688661125
2025-02-23;L003;P003;Brinquedos;122,10292522970052
2025-01-05;L003;P003;Eletrônicos;40,50629145731626
2025-01-12;L003;P003;Eletrônicos;31,058679258247643
2025-01-19;L003;P003;Eletrônicos;118,55674624849712
2025-01-26;L003;P003;Eletrônicos;118,04773368698457
2025-02-02;L003;P003;Eletrônicos;118,02184942438551
2025-02-09;L003;P003;Eletrônicos;118,748788272784
2025-02-16;L003;P003;Eletrônicos;118,75716038664298
2025-02-23;L003;P003;Eletrônicos;121,53960555512909
2025-01-05;L003;P003;Higiene;203,36614474838123
2025-01-12;L003;P003;Higiene;195,22198212382304
2025-01-19;L003;P003;Higiene;120,42716511200538
2025-01-26;L003;P003;Higiene;120,09241180975211
2025-02-02;L003;P003;Higiene;119,86176564239116
2025-02-09;L003;P003;Higiene;120,55153782412296
2025-02-16;L003;P003;Higiene;120,21272475279679
2025-02-23;L003;P003;Higiene;122,3884106620236
2025-01-05;L003;P003;Vestuário;86,51203043927147
2025-01-12;L003;P003;Vestuário;51,249796080812644
2025-01-19;L003;P003;Vestuário;113,87787037714884
2025-01-26;L003;P003;Vestuário;113,36885781563632
2025-02-02;L003;P003;Vestuário;113,13821164827534
2025-02-09;L003;P003;Vestuário;113,86515049667383
2025-02-16;L003;P003;Vestuário;113,54557816608836
2025-02-23;L003;P003;Vestuário;116,37535799065913
2025-01-05;L003;P004;Alimentos;57,76867423281737
2025-01-12;L003;P004;Alimentos;157,00988818418517
2025-01-19;L003;P004;Alimentos;122,00987813232035
2025-01-26;L003;P004;Alimentos;121,61027135021357
2025-02-02;L003;P004;Alimentos;121,58438708761452
2025-02-09;L003;P004;Alimentos;122,18284403125108
2025-02-16;L003;P004;Alimentos;122,05662663623222
2025-02-23;L003;P004;Alimentos;125,37496905585616
2025-01-05;L003;P004;Brinquedos;132,84966393158388
2025-01-12;L003;P004;Brinquedos;148,1901608979914
2025-01-19;L003;P004;Brinquedos;122,68670542923202
2025-01-26;L003;P004;Brinquedos;122,17769286771947
2025-02-02;L003;P004;Brinquedos;122,15180860512041
2025-02-09;L003;P004;Brinquedos;122,75026554875699
2025-02-16;L003;P004;Brinquedos;122,69388942357938
2025-02-23;L003;P004;Brinquedos;126,27977314449464
2025-01-05;L003;P004;Eletrônicos;158,1361712737695
2025-01-12;L003;P004;Eletrônicos;112,86172406225191
2025-01-19;L003;P004;Eletrônicos;121,14402318249762
2025-01-26;L003;P004;Eletrônicos;120,8126174585919
2025-02-02;L003;P004;Eletrônicos;120,78673319599284
2025-02-09;L003;P004;Eletrônicos;121,38519013962942
2025-02-16;L003;P004;Eletrônicos;121,48377697741476
2025-02-23;L003;P004;Eletrônicos;124,64427608294538
2025-01-05;L003;P004;Higiene;91,18985765155406
2025-01-12;L003;P004;Higiene;31,836326339782204
2025-01-19;L003;P004;Higiene;123,99883060474085
2025-01-26;L003;P004;Higiene;123,66407730248754
2025-02-02;L003;P004;Higiene;123,4334311351266
2025-02-09;L003;P004;Higiene;123,9947214120965
2025-02-16;L003;P004;Higiene;123,74612306469668
2025-02-23;L003;P004;Higiene;126,42135863746378
2025-01-05;L003;P004;Vestuário;74,63279656612872
2025-01-12;L003;P004;Vestuário;194,092413268082
2025-01-19;L003;P004;Vestuário;116,47618544531869
2025-01-26;L003;P004;Vestuário;115,96717288380613
2025-02-02;L003;P004;Vestuário;115,73652671644516
2025-02-09;L003;P004;Vestuário;116,33498366008173
2025-02-16;L003;P004;Vestuário;116,10562605342265
2025-02-23;L003;P004;Vestuário;119,45522776375587
2025-01-05;L003;P005;Alimentos;196,84158462398432
2025-01-12;L003;P005;Alimentos;139,66696059269606
2025-01-19;L003;P005;Alimentos;121,15016136459606
2025-01-26;L003;P005;Alimentos;120,64114880308351
2025-02-02;L003;P005;Alimentos;120,61526454048445
2025-02-09;L003;P005;Alimentos;121,34220338888292
2025-02-16;L003;P005;Alimentos;121,28582726370533
2025-02-23;L003;P005;Alimentos;124,79370332178529
2025-01-05;L003;P005;Brinquedos;95,32567267699872
2025-01-12;L003;P005;Brinquedos;29,00430225479143
2025-01-19;L003;P005;Brinquedos;121,99524237630352
2025-01-26;L003;P005;Brinquedos;121,48622981479097
2025-02-02;L003;P005;Brinquedos;121,25558364743
2025-02-09;L003;P005;Brinquedos;121,9825224958285
2025-02-16;L003;P005;Brinquedos;121,92614637065093
2025-02-23;L003;P005;Brinquedos;125,89460576206422
2025-01-05;L003;P005;Eletrônicos;143,51520394387137
2025-01-12;L003;P005;Eletrônicos;162,78701466566022
2025-01-19;L003;P005;Eletrônicos;119,40238785005842
2025-01-26;L003;P005;Eletrônicos;118,8933752885459
2025-02-02;L003;P005;Eletrônicos;118,66272912118492
2025-02-09;L003;P005;Eletrônicos;119,38966796958341
2025-02-16;L003;P005;Eletrônicos;119,48825480736878
2025-02-23;L003;P005;Eletrônicos;122,85586737338521
2025-01-05;L003;P005;Higiene;93,69981191182238
2025-01-12;L003;P005;Higiene;161,60575670957695
2025-01-19;L003;P005;Higiene;122,87477748206766
2025-01-26;L003;P005;Higiene;122,54002417981435
2025-02-02;L003;P005;Higiene;122,30937801245341
2025-02-09;L003;P005;Higiene;122,9991501941852
2025-02-16;L003;P005;Higiene;122,75055184678541
2025-02-23;L003;P005;Higiene;125,80836309005058
2025-01-05;L003;P005;Vestuário;64,86194488934422
2025-01-12;L003;P005;Vestuário;29,33507737864579
2025-01-19;L003;P005;Vestuário;115,68144224186685
2025-01-26;L003;P005;Vestuário;115,1724296803543
2025-02-02;L003;P005;Vestuário;114,94178351299335
2025-02-09;L003;P005;Vestuário;115,66872236139184
2025-02-16;L003;P005;Vestuário;115,43936475473274
2025-02-23;L003;P005;Vestuário;119,01484769111963
2025-01-05;L003;P006;Alimentos;180,51718410384925
2025-01-12;L003;P006;Alimentos;186,2128123322741
2025-01-19;L003;P006;Alimentos;119,80715300405828
2025-01-26;L003;P006;Alimentos;119,29814044254574
2025-02-02;L003;P006;Alimentos;119,27225617994668
2025-02-09;L003;P006;Alimentos;119,99919502834516
2025-02-16;L003;P006;Alimentos;119,94281890316758
2025-02-23;L003;P006;Alimentos;123,34425817963832
2025-01-05;L003;P006;Brinquedos;148,37790310093382
2025-01-12;L003;P006;Brinquedos;27,518665069277606
2025-01-19;L003;P006;Brinquedos;121,27919907512381
2025-01-26;L003;P006;Brinquedos;120,77018651361126
2025-02-02;L003;P006;Brinquedos;120,5395403462503
2025-02-09;L003;P006;Brinquedos;121,26647919464881
2025-02-16;L003;P006;Brinquedos;121,2101030694712
2025-02-23;L003;P006;Brinquedos;124,91543123483085
2025-01-05;L003;P006;Eletrônicos;88,17819663806044
2025-01-12;L003;P006;Eletrônicos;179,53960351929055
2025-01-19;L003;P006;Eletrônicos;118,54294772584048
2025-01-26;L003;P006;Eletrônicos;118,03393516432793
2025-02-02;L003;P006;Eletrônicos;117,80328899696696
2025-02-09;L003;P006;Eletrônicos;118,53022784536545
2025-02-16;L003;P006;Eletrônicos;118,62881468315082
2025-02-23;L003;P006;Eletrônicos;121,88999046755806
2025-01-05;L003;P006;Higiene;161,23059616324042
2025-01-12;L003;P006;Higiene;35,951572878503214
2025-01-19;L003;P006;Higiene;120,21549074601377
2025-01-26;L003;P006;Higiene;119,88073744376047
2025-02-02;L003;P006;Higiene;119,65009127639952
2025-02-09;L003;P006;Higiene;120,33986345813135
2025-02-16;L003;P006;Higiene;120,09126511073153
2025-02-23;L003;P006;Higiene;122,74568163587955
2025-01-05;L003;P006;Vestuário;87,96120431658244
2025-01-12;L003;P006;Vestuário;32,90463906695746
2025-01-19;L003;P006;Vestuário;116,70841742134786
2025-01-26;L003;P006;Vestuário;116,19940485983531
2025-02-02;L003;P006;Vestuário;115,96875869247434
2025-02-09;L003;P006;Vestuário;116,69569754087284
2025-02-16;L003;P006;Vestuário;116,46633993421374
2025-02-23;L003;P006;Vestuário;119,53279349639881
2025-01-05;L003;P007;Alimentos;138,30984207425348
2025-01-12;L003;P007;Alimentos;127,7989031165836
2025-01-19;L003;P007;Alimentos;117,2987995407442
2025-01-26;L003;P007;Alimentos;116,78978697923165
2025-02-02;L003;P007;Alimentos;116,55914081187068
2025-02-09;L003;P007;Alimentos;117,1828910888406
2025-02-16;L003;P007;Alimentos;117,12651496366301
2025-02-23;L003;P007;Alimentos;120,38769074807028
2025-01-05;L003;P007;Brinquedos;57,32276524916935
2025-01-12;L003;P007;Brinquedos;35,7407205778217
2025-01-19;L003;P007;Brinquedos;118,99313687492076
2025-01-26;L003;P007;Brinquedos;118,66173115101505
2025-02-02;L003;P007;Brinquedos;118,63584688841598
2025-02-09;L003;P007;Brinquedos;119,25959716538591
2025-02-16;L003;P007;Brinquedos;119,03099881798609
2025-02-23;L003;P007;Brinquedos;122,83598866425743
2025-01-05;L003;P007;Eletrônicos;177,6947371547693
2025-01-12;L003;P007;Eletrônicos;173,15347756358122
2025-01-19;L003;P007;Eletrônicos;117,95278759635119
2025-01-26;L003;P007;Eletrônicos;117,44377503483862
2025-02-02;L003;P007;Eletrônicos;117,41789077223957
2025-02-09;L003;P007;Eletrônicos;118,0416410492095
2025-02-16;L003;P007;Eletrônicos;118,14022788699486
2025-02-23;L003;P007;Eletrônicos;121,5416671634656
2025-01-05;L003;P007;Higiene;91,24068846769127
2025-01-12;L003;P007;Higiene;38,74919349741443
2025-01-19;L003;P007;Higiene;119,64012260999739
2025-01-26;L003;P007;Higiene;119,30536930774412
2025-02-02;L003;P007;Higiene;119,07472314038314
2025-02-09;L003;P007;Higiene;119,66130675068639
2025-02-16;L003;P007;Higiene;119,4127084032866
2025-02-23;L003;P007;Higiene;122,0671249284346
2025-01-05;L003;P007;Vestuário;34,15381443269778
2025-01-12;L003;P007;Vestuário;42,115917070974504
2025-01-19;L003;P007;Vestuário;114,53418375901049
2025-01-26;L003;P007;Vestuário;114,02517119749794
2025-02-02;L003;P007;Vestuário;113,79452503013697
2025-02-09;L003;P007;Vestuário;114,41827530710688
2025-02-16;L003;P007;Vestuário;114,3618991819293
2025-02-23;L003;P007;Vestuário;118,12790327321491
2025-01-05;L003;P008;Alimentos;88,59850550203069
2025-01-12;L003;P008;Alimentos;34,1025157777608
2025-01-19;L003;P008;Alimentos;119,97769210409038
2025-01-26;L003;P008;Alimentos;119,46867954257783
2025-02-02;L003;P008;Alimentos;119,35498032216383
2025-02-09;L003;P008;Alimentos;120,08191917056233
2025-02-16;L003;P008;Alimentos;120,02554304538472
2025-02-23;L003;P008;Alimentos;123,42698232185546
2025-01-05;L003;P008;Brinquedos;133,04427976403525
2025-01-12;L003;P008;Brinquedos;170,27546392521916
2025-01-19;L003;P008;Brinquedos;120,13689886338157
2025-01-26;L003;P008;Brinquedos;119,62788630186903
2025-02-02;L003;P008;Brinquedos;119,51418708145499
2025-02-09;L003;P008;Brinquedos;120,2411259298535
2025-02-16;L003;P008;Brinquedos;120,18474980467589
2025-02-23;L003;P008;Brinquedos;123,74981447797205
2025-01-05;L003;P008;Eletrônicos;113,57892900049585
2025-01-12;L003;P008;Eletrônicos;151,37290329844765
2025-01-19;L003;P008;Eletrônicos;119,3178328674382
2025-01-26;L003;P008;Eletrônicos;118,80882030592562
2025-02-02;L003;P008;Eletrônicos;118,89988299027353
2025-02-09;L003;P008;Eletrônicos;119,62682183867202
2025-02-16;L003;P008;Eletrônicos;119,72540867645738
2025-02-23;L003;P008;Eletrônicos;123,1268479529281
2025-01-05;L003;P008;Higiene;45,90332681498978
2025-01-12;L003;P008;Higiene;33,107205442161316
2025-01-19;L003;P008;Higiene;120,06379222314385
2025-01-26;L003;P008;Higiene;119,72903892089055
2025-02-02;L003;P008;Higiene;119,61533970047654
2025-02-09;L003;P008;Higiene;120,30511188220837
2025-02-16;L003;P008;Higiene;120,05651353480854
2025-02-23;L003;P008;Higiene;122,71093005995654
2025-01-05;L003;P008;Vestuário;142,3212342007693
2025-01-12;L003;P008;Vestuário;34,828270853471615
2025-01-19;L003;P008;Vestuário;115,23262297370734
2025-01-26;L003;P008;Vestuário;114,72361041219479
2025-02-02;L003;P008;Vestuário;114,60991119178075
2025-02-09;L003;P008;Vestuário;115,33685004017924
2025-02-16;L003;P008;Vestuário;115,10749243352016
2025-02-23;L003;P008;Vestuário;118,71680208036133
2025-01-05;L003;P009;Alimentos;162,06163662558066
2025-01-12;L003;P009;Alimentos;153,7299311636106
2025-01-19;L003;P009;Alimentos;116,72640636838271
2025-01-26;L003;P009;Alimentos;116,21739380687016
2025-02-02;L003;P009;Alimentos;116,1915095442711
2025-02-09;L003;P009;Alimentos;117,03228172600294
2025-02-16;L003;P009;Alimentos;117,25707226749202
2025-02-23;L003;P009;Alimentos;120,65851154396279
2025-01-05;L003;P009;Brinquedos;50,687319555739556
2025-01-12;L003;P009;Brinquedos;29,321566899331597
2025-01-19;L003;P009;Brinquedos;116,9319738793974
2025-01-26;L003;P009;Brinquedos;116,42296131788481
2025-02-02;L003;P009;Brinquedos;116,19231515052387
2025-02-09;L003;P009;Brinquedos;117,0330873322557
2025-02-16;L003;P009;Brinquedos;117,25787787374477
2025-02-23;L003;P009;Brinquedos;120,82294254704095
2025-01-05;L003;P009;Eletrônicos;202,70972826914766
2025-01-12;L003;P009;Eletrônicos;165,99705412402344
2025-01-19;L003;P009;Eletrônicos;115,82484373814849
2025-01-26;L003;P009;Eletrônicos;115,31583117663594
2025-02-02;L003;P009;Eletrônicos;115,08518500927498
2025-02-09;L003;P009;Eletrônicos;115,92595719100682
2025-02-16;L003;P009;Eletrônicos;116,02454402879218
2025-02-23;L003;P009;Eletrônicos;119,28714203542171
2025-01-05;L003;P009;Higiene;54,25529785109069
2025-01-12;L003;P009;Higiene;93,85437806954228
2025-01-19;L003;P009;Higiene;117,62167444222669
2025-01-26;L003;P009;Higiene;117,28692113997342
2025-02-02;L003;P009;Higiene;117,05627497261244
2025-02-09;L003;P009;Higiene;117,85988048767761
2025-02-16;L003;P009;Higiene;117,89244880694444
2025-02-23;L003;P009;Higiene;120,54828755431468
2025-01-05;L003;P009;Vestuário;109,45174529557077
2025-01-12;L003;P009;Vestuário;192,33877790994663
2025-01-19;L003;P009;Vestuário;112,16462303553992
2025-01-26;L003;P009;Vestuário;111,65561047402734
2025-02-02;L003;P009;Vestuário;111,42496430666637
2025-02-09;L003;P009;Vestuário;112,26573648839823
2025-02-16;L003;P009;Vestuário;112,31754554840579
2025-02-23;L003;P009;Vestuário;116,08354963969136
2025-01-05;L003;P010;Alimentos;129,92460611302837
2025-01-12;L003;P010;Alimentos;194,7891748794299
2025-01-19;L003;P010;Alimentos;123,04484524947293
2025-01-26;L003;P010;Alimentos;122,71009194721962
2025-02-02;L003;P010;Alimentos;122,38725565158607
2025-02-09;L003;P010;Alimentos;123,11419449998454
2025-02-16;L003;P010;Alimentos;122,78419279341159
2025-02-23;L003;P010;Alimentos;125,21370449362723
2025-01-05;L003;P010;Brinquedos;37,91317267175455
2025-01-12;L003;P010;Brinquedos;31,462274578763747
2025-01-19;L003;P010;Brinquedos;123,1883430419854
2025-01-26;L003;P010;Brinquedos;122,8535897397321
2025-02-02;L003;P010;Brinquedos;122,53075344409854
2025-02-09;L003;P010;Brinquedos;123,25769229249704
2025-02-16;L003;P010;Brinquedos;122,92769058592408
2025-02-23;L003;P010;Brinquedos;125,3641332385207
2025-01-05;L003;P010;Eletrônicos;125,65884154072337
2025-01-12;L003;P010;Eletrônicos;170,57605921516245
2025-01-19;L003;P010;Eletrônicos;122,73437782402351
2025-01-26;L003;P010;Eletrônicos;122,3996245217702
2025-02-02;L003;P010;Eletrônicos;122,28155013089857
2025-02-09;L003;P010;Eletrônicos;123,00848897929704
2025-02-16;L003;P010;Eletrônicos;122,83345023568705
2025-02-23;L003;P010;Eletrônicos;125,10626749145825
2025-01-05;L003;P010;Higiene;159,44338688052193
2025-01-12;L003;P010;Higiene;190,91796093592802
2025-01-19;L003;P010;Higiene;125,21091660346309
2025-01-26;L003;P010;Higiene;124,87616330120981
2025-02-02;L003;P010;Higiene;124,55332700557624
2025-02-09;L003;P010;Higiene;125,24309918730809
2025-02-16;L003;P010;Higiene;124,72087525851289
2025-02-23;L003;P010;Higiene;126,68813695872852
2025-01-05;L003;P010;Vestuário;146,40271900046463
2025-01-12;L003;P010;Vestuário;30,98995581502421
2025-01-19;L003;P010;Vestuário;118,92397745260729
2025-01-26;L003;P010;Vestuário;118,58922415035399
2025-02-02;L003;P010;Vestuário;118,47114975948232
2025-02-09;L003;P010;Vestuário;119,1980886078808
2025-02-16;L003;P010;Vestuário;118,69510541982639
2025-02-23;L003;P010;Vestuário;121,17579304596788
2025-01-05;L004;P001;Alimentos;50,482613092725124
2025-01-12;L004;P001;Alimentos;95,01237641331345
2025-01-19;L004;P001;Alimentos;120,71094215134069
2025-01-26;L004;P001;Alimentos;120,29524308189163
2025-02-02;L004;P001;Alimentos;120,26935881929256
2025-02-09;L004;P001;Alimentos;121,29894501068623
2025-02-16;L004;P001;Alimentos;121,24256888550862
2025-02-23;L004;P001;Alimentos;124,64400816197941
2025-01-05;L004;P001;Brinquedos;88,82908461528284
2025-01-12;L004;P001;Brinquedos;115,13290533422168
2025-01-19;L004;P001;Brinquedos;121,61378955047196
2025-01-26;L004;P001;Brinquedos;121,1980904810229
2025-02-02;L004;P001;Brinquedos;121,17220621842384
2025-02-09;L004;P001;Brinquedos;122,2017924098175
2025-02-16;L004;P001;Brinquedos;122,14541628463992
2025-02-23;L004;P001;Brinquedos;125,8507444499996
2025-01-05;L004;P001;Eletrônicos;188,72604630375358
2025-01-12;L004;P001;Eletrônicos;180,6413169383301
2025-01-19;L004;P001;Eletrônicos;120,00772810308283
2025-01-26;L004;P001;Eletrônicos;119,59202903363374
2025-02-02;L004;P001;Eletrônicos;119,56614477103467
2025-02-09;L004;P001;Eletrônicos;120,59573096242835
2025-02-16;L004;P001;Eletrônicos;120,69431780021374
2025-02-23;L004;P001;Eletrônicos;124,09575707668448
2025-01-05;L004;P001;Higiene;110,33082245572591
2025-01-12;L004;P001;Higiene;126,56362452162428
2025-01-19;L004;P001;Higiene;122,54173486236095
2025-01-26;L004;P001;Higiene;122,30029505217115
2025-02-02;L004;P001;Higiene;122,27441078957209
2025-02-09;L004;P001;Higiene;123,26683031429907
2025-02-16;L004;P001;Higiene;123,01823196689925
2025-02-23;L004;P001;Higiene;125,81291198411081
2025-01-05;L004;P001;Vestuário;124,29028445182
2025-01-12;L004;P001;Vestuário;35,21125849800354
2025-01-19;L004;P001;Vestuário;115,24968910274484
2025-01-26;L004;P001;Vestuário;114,83399003329578
2025-02-02;L004;P001;Vestuário;114,6033438659348
2025-02-09;L004;P001;Vestuário;115,3302827143333
2025-02-16;L004;P001;Vestuário;115,10092510767419
2025-02-23;L004;P001;Vestuário;118,86692919895977
2025-01-05;L004;P002;Alimentos;119,48859220713791
2025-01-12;L004;P002;Alimentos;178,65274226819227
2025-01-19;L004;P002;Alimentos;120,9551381974996
2025-01-26;L004;P002;Alimentos;120,53943912805056
2025-02-02;L004;P002;Alimentos;120,5135548654515
2025-02-09;L004;P002;Alimentos;121,54314105684513
2025-02-16;L004;P002;Alimentos;121,39655020774114
2025-02-23;L004;P002;Alimentos;124,79798948421194
2025-01-05;L004;P002;Brinquedos;38,772018785575234
2025-01-12;L004;P002;Brinquedos;27,971235045597574
2025-01-19;L004;P002;Brinquedos;121,29969390010551
2025-01-26;L004;P002;Brinquedos;120,88399483065645
2025-02-02;L004;P002;Brinquedos;120,6533486632955
2025-02-09;L004;P002;Brinquedos;121,38028751169396
2025-02-16;L004;P002;Brinquedos;121,23369666258999
2025-02-23;L004;P002;Brinquedos;124,79876133588618
2025-01-05;L004;P002;Eletrônicos;146,93987313809993
2025-01-12;L004;P002;Eletrônicos;44,149062152998184
2025-01-19;L004;P002;Eletrônicos;119,81932484848441
2025-01-26;L004;P002;Eletrônicos;119,40362577903535
2025-02-02;L004;P002;Eletrônicos;119,1729796116744
2025-02-09;L004;P002;Eletrônicos;119,8999184600729
2025-02-16;L004;P002;Eletrônicos;119,90829057393188
2025-02-23;L004;P002;Eletrônicos;123,46642429484709
2025-01-05;L004;P002;Higiene;152,3679658942833
2025-01-12;L004;P002;Higiene;194,00473074610906
2025-01-19;L004;P002;Higiene;122,03746347801341
2025-01-26;L004;P002;Higiene;121,7960236678236
2025-02-02;L004;P002;Higiene;121,56537750046263
2025-02-09;L004;P002;Higiene;122,25514968219446
2025-02-16;L004;P002;Higiene;121,91633661086826
2025-02-23;L004;P002;Higiene;124,57075313601631
2025-01-05;L004;P002;Vestuário;176,69257465608484
2025-01-12;L004;P002;Vestuário;31,240940635759028
2025-01-19;L004;P002;Vestuário;116,42654670059419
2025-01-26;L004;P002;Vestuário;116,01084763114513
2025-02-02;L004;P002;Vestuário;115,98496336854606
2025-02-09;L004;P002;Vestuário;117,01454955993972
2025-02-16;L004;P002;Vestuário;116,69497722935427
2025-02-23;L004;P002;Vestuário;120,3042868761954
2025-01-05;L004;P003;Alimentos;88,65048809726343
2025-01-12;L004;P003;Alimentos;190,5792319266687
2025-01-19;L004;P003;Alimentos;117,72784605774032
2025-01-26;L004;P003;Alimentos;117,31214698829126
2025-02-02;L004;P003;Alimentos;117,0815008209303
2025-02-09;L004;P003;Alimentos;117,8084396693288
2025-02-16;L004;P003;Alimentos;117,66184882022479
2025-02-23;L004;P003;Alimentos;120,2837582744252
2025-01-05;L004;P003;Brinquedos;101,06692511691651
2025-01-12;L004;P003;Brinquedos;92,56148802646187
2025-01-19;L004;P003;Brinquedos;119,27691826994749
2025-01-26;L004;P003;Brinquedos;118,86121920049843
2025-02-02;L004;P003;Brinquedos;118,63057303313748
2025-02-09;L004;P003;Brinquedos;119,35751188153596
2025-02-16;L004;P003;Brinquedos;119,210921032432
2025-02-23;L004;P003;Brinquedos;122,00171937552126
2025-01-05;L004;P003;Eletrônicos;35,51945999999103
2025-01-12;L004;P003;Eletrônicos;46,987074726252
2025-01-19;L004;P003;Eletrônicos;118,33613126628731
2025-01-26;L004;P003;Eletrônicos;117,92043219683825
2025-02-02;L004;P003;Eletrônicos;117,6897860294773
2025-02-09;L004;P003;Eletrônicos;118,71937222087097
2025-02-16;L004;P003;Eletrônicos;118,72774433472995
2025-02-23;L004;P003;Eletrônicos;121,51018950321607
2025-01-05;L004;P003;Higiene;145,66792608089014
2025-01-12;L004;P003;Higiene;58,78457877665268
2025-01-19;L004;P003;Higiene;120,31631570272904
2025-01-26;L004;P003;Higiene;120,07487589253925
2025-02-02;L004;P003;Higiene;119,84422972517828
2025-02-09;L004;P003;Higiene;120,5340019069101
2025-02-16;L004;P003;Higiene;120,1951888355839
2025-02-23;L004;P003;Higiene;122,37087474481076
2025-01-05;L004;P003;Vestuário;163,34715508837402
2025-01-12;L004;P003;Vestuário;71,5236185423078
2025-01-19;L004;P003;Vestuário;115,36205693781291
2025-01-26;L004;P003;Vestuário;114,94635786836385
2025-02-02;L004;P003;Vestuário;114,92047360576478
2025-02-09;L004;P003;Vestuário;115,95005979715845
2025-02-16;L004;P003;Vestuário;115,63048746657299
2025-02-23;L004;P003;Vestuário;118,62080300542945
2025-01-05;L004;P004;Alimentos;86,11306123251306
2025-01-12;L004;P004;Alimentos;171,0261634581996
2025-01-19;L004;P004;Alimentos;121,44334637999287
2025-01-26;L004;P004;Alimentos;121,02764731054381
2025-02-02;L004;P004;Alimentos;120,79700114318285
2025-02-09;L004;P004;Alimentos;121,39545808681942
2025-02-16;L004;P004;Alimentos;121,33908196164184
2025-02-23;L004;P004;Alimentos;124,77777123811262
2025-01-05;L004;P004;Brinquedos;160,79403373030615
2025-01-12;L004;P004;Brinquedos;159,37606954211654
2025-01-19;L004;P004;Brinquedos;123,33317394553322
2025-01-26;L004;P004;Brinquedos;122,91747487608416
2025-02-02;L004;P004;Brinquedos;122,89159061348509
2025-02-09;L004;P004;Brinquedos;123,79269490011684
2025-02-16;L004;P004;Brinquedos;123,73631877493926
2025-02-23;L004;P004;Brinquedos;127,32220249585451
2025-01-05;L004;P004;Eletrônicos;91,32882702818165
2025-01-12;L004;P004;Eletrônicos;153,5023394145612
2025-01-19;L004;P004;Eletrônicos;120,51969175274328
2025-01-26;L004;P004;Eletrônicos;120,10399268329422
2025-02-02;L004;P004;Eletrônicos;119,87334651593325
2025-02-09;L004;P004;Eletrônicos;120,47180345956986
2025-02-16;L004;P004;Eletrônicos;120,57039029735522
2025-02-23;L004;P004;Eletrônicos;123,30952904472545
2025-01-05;L004;P004;Higiene;90,81279408057725
2025-01-12;L004;P004;Higiene;116,72145062034583
2025-01-19;L004;P004;Higiene;124,06551908649114
2025-01-26;L004;P004;Higiene;124,00168611390816
2025-02-02;L004;P004;Higiene;123,9758018513091
2025-02-09;L004;P004;Higiene;124,8397394712742
2025-02-16;L004;P004;Higiene;124,41891890165215
2025-02-23;L004;P004;Higiene;126,93659393310867
2025-01-05;L004;P004;Vestuário;135,23486958506032
2025-01-12;L004;P004;Vestuário;50,3209092448956
2025-01-19;L004;P004;Vestuário;116,36732655517629
2025-01-26;L004;P004;Vestuário;115,9516274857272
2025-02-02;L004;P004;Vestuário;115,72098131836623
2025-02-09;L004;P004;Vestuário;116,31943826200283
2025-02-16;L004;P004;Vestuário;116,09008065534373
2025-02-23;L004;P004;Vestuário;119,03708977308435
2025-01-05;L004;P005;Alimentos;207,50661412884443
2025-01-12;L004;P005;Alimentos;195,29714167260136
2025-01-19;L004;P005;Alimentos;119,96354920455822
2025-01-26;L004;P005;Alimentos;119,54785013510916
2025-02-02;L004;P005;Alimentos;119,31720396774818
2025-02-09;L004;P005;Alimentos;120,04414281614667
2025-02-16;L004;P005;Alimentos;119,98776669096907
2025-02-23;L004;P005;Alimentos;123,35680147920776
2025-01-05;L004;P005;Brinquedos;53,775745563939275
2025-01-12;L004;P005;Brinquedos;78,46930911751865
2025-01-19;L004;P005;Brinquedos;122,82898143253885
2025-01-26;L004;P005;Brinquedos;122,41328236308979
2025-02-02;L004;P005;Brinquedos;122,38739810049073
2025-02-09;L004;P005;Brinquedos;123,41698429188439
2025-02-16;L004;P005;Brinquedos;123,36060816670678
2025-02-23;L004;P005;Brinquedos;127,17237311367569
2025-01-05;L004;P005;Eletrônicos;38,10506078116452
2025-01-12;L004;P005;Eletrônicos;56,14048617341678
2025-01-19;L004;P005;Eletrônicos;119,16961659306789
2025-01-26;L004;P005;Eletrônicos;118,75391752361882
2025-02-02;L004;P005;Eletrônicos;118,52327135625785
2025-02-09;L004;P005;Eletrônicos;119,25021020465634
2025-02-16;L004;P005;Eletrônicos;119,3487970424417
2025-02-23;L004;P005;Eletrônicos;122,71640960845818
2025-01-05;L004;P005;Higiene;65,6277417036964
2025-01-12;L004;P005;Higiene;152,57650448146595
2025-01-19;L004;P005;Higiene;121,27435845817568
2025-01-26;L004;P005;Higiene;121,03291864798587
2025-02-02;L004;P005;Higiene;120,8022724806249
2025-02-09;L004;P005;Higiene;121,4920446623567
2025-02-16;L004;P005;Higiene;121,24344631495691
2025-02-23;L004;P005;Higiene;124,00572184393633
2025-01-05;L004;P005;Vestuário;104,02476121883033
2025-01-12;L004;P005;Vestuário;140,39238201747665
2025-01-19;L004;P005;Vestuário;114,99263128664835
2025-01-26;L004;P005;Vestuário;114,57693221719926
2025-02-02;L004;P005;Vestuário;114,34628604983831
2025-02-09;L004;P005;Vestuário;115,0732248982368
2025-02-16;L004;P005;Vestuário;114,8438672915777
2025-02-23;L004;P005;Vestuário;118,42077245018677
2025-01-05;L004;P006;Alimentos;94,66600093245619
2025-01-12;L004;P006;Alimentos;158,9730711584182
2025-01-19;L004;P006;Alimentos;119,93022952287407
2025-01-26;L004;P006;Alimentos;119,51453045342501
2025-02-02;L004;P006;Alimentos;119,28388428606404
2025-02-09;L004;P006;Alimentos;120,3134704774577
2025-02-16;L004;P006;Alimentos;120,25709435228009
2025-02-23;L004;P006;Alimentos;123,65853362875089
2025-01-05;L004;P006;Brinquedos;104,72653316270257
2025-01-12;L004;P006;Brinquedos;112,96418620158613
2025-01-19;L004;P006;Brinquedos;121,60838361127261
2025-01-26;L004;P006;Brinquedos;121,19268454182355
2025-02-02;L004;P006;Brinquedos;120,9620383744626
2025-02-09;L004;P006;Brinquedos;121,99162456585626
2025-02-16;L004;P006;Brinquedos;121,93524844067865
2025-02-23;L004;P006;Brinquedos;125,64057660603832
2025-01-05;L004;P006;Eletrônicos;164,0878013315998
2025-01-12;L004;P006;Eletrônicos;43,66517656848921
2025-01-19;L004;P006;Eletrônicos;119,05207787603412
2025-01-26;L004;P006;Eletrônicos;118,63637880658506
2025-02-02;L004;P006;Eletrônicos;118,4057326392241
2025-02-09;L004;P006;Eletrônicos;119,1326714876226
2025-02-16;L004;P006;Eletrônicos;119,23125832540794
2025-02-23;L004;P006;Eletrônicos;122,08984151722262
2025-01-05;L004;P006;Higiene;133,39736063016946
2025-01-12;L004;P006;Higiene;184,1246286598238
2025-01-19;L004;P006;Higiene;120,6254003664599
2025-01-26;L004;P006;Higiene;120,3839605562701
2025-02-02;L004;P006;Higiene;120,15331438890912
2025-02-09;L004;P006;Higiene;120,84308657064095
2025-02-16;L004;P006;Higiene;120,59448822324116
2025-02-23;L004;P006;Higiene;123,25032697061137
2025-01-05;L004;P006;Vestuário;128,92081999148166
2025-01-12;L004;P006;Vestuário;89,27912050904092
2025-01-19;L004;P006;Vestuário;114,40349997783541
2025-01-26;L004;P006;Vestuário;113,98780090838632
2025-02-02;L004;P006;Vestuário;113,75715474102532
2025-02-09;L004;P006;Vestuário;114,48409358942384
2025-02-16;L004;P006;Vestuário;114,25473598276476
2025-02-23;L004;P006;Vestuário;117,72520435976463
2025-01-05;L004;P007;Alimentos;107,52926204345404
2025-01-12;L004;P007;Alimentos;29,485967137035555
2025-01-19;L004;P007;Alimentos;114,18330003425775
2025-01-26;L004;P007;Alimentos;113,47593429814205
2025-02-02;L004;P007;Alimentos;112,9769177604107
2025-02-09;L004;P007;Alimentos;113,60066803738063
2025-02-16;L004;P007;Alimentos;113,54429191220302
2025-02-23;L004;P007;Alimentos;116,40287510401772
2025-01-05;L004;P007;Brinquedos;65,1458906804994
2025-01-12;L004;P007;Brinquedos;27,584775088887625
2025-01-19;L004;P007;Brinquedos;119,19790533330789
2025-01-26;L004;P007;Brinquedos;118,78220626385882
2025-02-02;L004;P007;Brinquedos;118,55156009649785
2025-02-09;L004;P007;Brinquedos;119,17531037346778
2025-02-16;L004;P007;Brinquedos;119,11893424829019
2025-02-23;L004;P007;Brinquedos;122,68399892158634
2025-01-05;L004;P007;Eletrônicos;35,854286506214905
2025-01-12;L004;P007;Eletrônicos;32,24336194756271
2025-01-19;L004;P007;Eletrônicos;116,18080786051686
2025-01-26;L004;P007;Eletrônicos;115,7651087910678
2025-02-02;L004;P007;Eletrônicos;115,53446262370686
2025-02-09;L004;P007;Eletrônicos;116,15821290067679
2025-02-16;L004;P007;Eletrônicos;116,25679973846213
2025-02-23;L004;P007;Eletrônicos;119,51797552286943
2025-01-05;L004;P007;Higiene;111,73429520321083
2025-01-12;L004;P007;Higiene;137,41480635128465
2025-01-19;L004;P007;Higiene;119,09450971123445
2025-01-26;L004;P007;Higiene;118,85306990104465
2025-02-02;L004;P007;Higiene;118,6224237336837
2025-02-09;L004;P007;Higiene;119,20900734398695
2025-02-16;L004;P007;Higiene;118,96040899658713
2025-02-23;L004;P007;Higiene;121,61624774395737
2025-01-05;L004;P007;Vestuário;157,8079038220323
2025-01-12;L004;P007;Vestuário;42,845737662894244
2025-01-19;L004;P007;Vestuário;112,42866106956102
2025-01-26;L004;P007;Vestuário;112,01296200011194
2025-02-02;L004;P007;Vestuário;111,78231583275097
2025-02-09;L004;P007;Vestuário;112,4060661097209
2025-02-16;L004;P007;Vestuário;112,34968998454332
2025-02-23;L004;P007;Vestuário;115,81873613932095
2025-01-05;L004;P008;Alimentos;148,03018434388295
2025-01-12;L004;P008;Alimentos;33,30160619405693
2025-01-19;L004;P008;Alimentos;119,73409594013222
2025-01-26;L004;P008;Alimentos;119,31839687068319
2025-02-02;L004;P008;Alimentos;119,20469765026915
2025-02-09;L004;P008;Alimentos;120,23428384166282
2025-02-16;L004;P008;Alimentos;120,17790771648521
2025-02-23;L004;P008;Alimentos;123,73604143740042
2025-01-05;L004;P008;Brinquedos;80,18766072229681
2025-01-12;L004;P008;Brinquedos;28,702057315919845
2025-01-19;L004;P008;Brinquedos;120,74325817934572
2025-01-26;L004;P008;Brinquedos;120,32755910989665
2025-02-02;L004;P008;Brinquedos;120,21385988948265
2025-02-09;L004;P008;Brinquedos;120,94079873788115
2025-02-16;L004;P008;Brinquedos;120,88442261270355
2025-02-23;L004;P008;Brinquedos;124,45090950822191
2025-01-05;L004;P008;Eletrônicos;147,97237900262238
2025-01-12;L004;P008;Eletrônicos;187,79739316874446
2025-01-19;L004;P008;Eletrônicos;118,2105504327525
2025-01-26;L004;P008;Eletrônicos;117,79485136330344
2025-02-02;L004;P008;Eletrônicos;117,6811521428894
2025-02-09;L004;P008;Eletrônicos;118,4080909912879
2025-02-16;L004;P008;Eletrônicos;118,50667782907325
2025-02-23;L004;P008;Eletrônicos;121,76785361348055
2025-01-05;L004;P008;Higiene;60,85842915722619
2025-01-12;L004;P008;Higiene;88,98174800859375
2025-01-19;L004;P008;Higiene;122,03646642893027
2025-01-26;L004;P008;Higiene;121,79502661874048
2025-02-02;L004;P008;Higiene;121,68132739832645
2025-02-09;L004;P008;Higiene;122,67374692305343
2025-02-16;L004;P008;Higiene;122,42514857565364
2025-02-23;L004;P008;Higiene;125,21982859286516
2025-01-05;L004;P008;Vestuário;40,96811961543221
2025-01-12;L004;P008;Vestuário;35,1148223390231
2025-01-19;L004;P008;Vestuário;115,12184412576651
2025-01-26;L004;P008;Vestuário;114,70614505631745
2025-02-02;L004;P008;Vestuário;114,79720774066533
2025-02-09;L004;P008;Vestuário;115,82679393205899
2025-02-16;L004;P008;Vestuário;115,5974363253999
2025-02-23;L004;P008;Vestuário;119,20674597224104
2025-01-05;L004;P009;Alimentos;138,7232580147594
2025-01-12;L004;P009;Alimentos;30,678481058701635
2025-01-19;L004;P009;Alimentos;116,84989711779805
2025-01-26;L004;P009;Alimentos;116,43419804834899
2025-02-02;L004;P009;Alimentos;116,20355188098799
2025-02-09;L004;P009;Alimentos;117,04432406271985
2025-02-16;L004;P009;Alimentos;117,26911460420891
2025-02-23;L004;P009;Alimentos;120,82724832512415
2025-01-05;L004;P009;Brinquedos;121,45864547840111
2025-01-12;L004;P009;Brinquedos;30,153530768795456
2025-01-19;L004;P009;Brinquedos;118,4597472637163
2025-01-26;L004;P009;Brinquedos;118,04404819426723
2025-02-02;L004;P009;Brinquedos;117,81340202690629
2025-02-09;L004;P009;Brinquedos;118,65417420863811
2025-02-16;L004;P009;Brinquedos;118,87896475012717
2025-02-23;L004;P009;Brinquedos;122,74098735993124
2025-01-05;L004;P009;Eletrônicos;86,75853313182542
2025-01-12;L004;P009;Eletrônicos;155,12422009261883
2025-01-19;L004;P009;Eletrônicos;114,98348278469794
2025-01-26;L004;P009;Eletrônicos;114,56778371524885
2025-02-02;L004;P009;Eletrônicos;114,33713754788788
2025-02-09;L004;P009;Eletrônicos;115,17790972961971
2025-02-16;L004;P009;Eletrônicos;115,27649656740509
2025-02-23;L004;P009;Eletrônicos;118,53767235181239
2025-01-05;L004;P009;Higiene;99,61213799009592
2025-01-12;L004;P009;Higiene;186,15313766944257
2025-01-19;L004;P009;Higiene;118,63660303816228
2025-01-26;L004;P009;Higiene;118,39516322797247
2025-02-02;L004;P009;Higiene;118,16451706061149
2025-02-09;L004;P009;Higiene;118,96812257567667
2025-02-16;L004;P009;Higiene;119,00069089494352
2025-02-23;L004;P009;Higiene;121,95206535659946
2025-01-05;L004;P009;Vestuário;116,95861920088612
2025-01-12;L004;P009;Vestuário;34,191207813428385
2025-01-19;L004;P009;Vestuário;110,88950551290075
2025-01-26;L004;P009;Vestuário;110,47380644345166
2025-02-02;L004;P009;Vestuário;110,24316027609069
2025-02-09;L004;P009;Vestuário;111,08393245782253
2025-02-16;L004;P009;Vestuário;111,1357415178301
2025-02-23;L004;P009;Vestuário;114,60478767260778
2025-01-05;L004;P010;Alimentos;131,5719861031395
2025-01-12;L004;P010;Alimentos;139,43493169946035
2025-01-19;L004;P010;Alimentos;125,9134542077959
2025-01-26;L004;P010;Alimentos;125,67201439760608
2025-02-02;L004;P010;Alimentos;125,55394000673441
2025-02-09;L004;P010;Alimentos;126,5835261981281
2025-02-16;L004;P010;Alimentos;126,25352449155514
2025-02-23;L004;P010;Alimentos;128,52634174732628
2025-01-05;L004;P010;Brinquedos;86,24791034806537
2025-01-12;L004;P010;Brinquedos;176,95992933486866
2025-01-19;L004;P010;Brinquedos;126,55588483974209
2025-01-26;L004;P010;Brinquedos;126,3144450295523
2025-02-02;L004;P010;Brinquedos;125,99160873391871
2025-02-09;L004;P010;Brinquedos;126,71854758231721
2025-02-16;L004;P010;Brinquedos;126,38854587574427
2025-02-23;L004;P010;Brinquedos;129,12194646484878
2025-01-05;L004;P010;Eletrônicos;67,07211447800994
2025-01-12;L004;P010;Eletrônicos;41,68955748979395
2025-01-19;L004;P010;Eletrônicos;123,17578554660038
2025-01-26;L004;P010;Eletrônicos;122,93434573641056
2025-02-02;L004;P010;Eletrônicos;122,61150944077698
2025-02-09;L004;P010;Eletrônicos;123,33844828917547
2025-02-16;L004;P010;Eletrônicos;123,1634095455655
2025-02-23;L004;P010;Eletrônicos;125,29738553149544
2025-01-05;L004;P010;Higiene;83,75031481704525
2025-01-12;L004;P010;Higiene;35,02372869831693
2025-01-19;L004;P010;Higiene;127,46586880097747
2025-01-26;L004;P010;Higiene;127,22442899078766
2025-02-02;L004;P010;Higiene;126,90159269515408
2025-02-09;L004;P010;Higiene;127,89401221988109
2025-02-16;L004;P010;Higiene;127,37178829108593
2025-02-23;L004;P010;Higiene;129,33904999130152
2025-01-05;L004;P010;Vestuário;86,6059541856328
2025-01-12;L004;P010;Vestuário;182,61705238275016
2025-01-19;L004;P010;Vestuário;119,30099768680681
2025-01-26;L004;P010;Vestuário;119,05955787661699
2025-02-02;L004;P010;Vestuário;118,73672158098346
2025-02-09;L004;P010;Vestuário;119,46366042938193
2025-02-16;L004;P010;Vestuário;118,96067724132747
2025-02-23;L004;P010;Vestuário;121,30110137540554
2025-01-05;L005;P001;Alimentos;166,23173159483696
2025-01-12;L005;P001;Alimentos;80,3100188733243
2025-01-19;L005;P001;Alimentos;122,77975184169986
2025-01-26;L005;P001;Alimentos;122,3640527722508
2025-02-02;L005;P001;Alimentos;122,13340660488983
2025-02-09;L005;P001;Alimentos;123,35857334625305
2025-02-16;L005;P001;Alimentos;123,16488952876777
2025-02-23;L005;P001;Alimentos;126,06628800714779
2025-01-05;L005;P001;Brinquedos;147,135215072169
2025-01-12;L005;P001;Brinquedos;159,63350731205296
2025-01-19;L005;P001;Brinquedos;124,90897018755362
2025-01-26;L005;P001;Brinquedos;124,49327111810456
2025-02-02;L005;P001;Brinquedos;124,26262495074359
2025-02-09;L005;P001;Brinquedos;125,48779169210681
2025-02-16;L005;P001;Brinquedos;125,29410787462153
2025-02-23;L005;P001;Brinquedos;128,50081746411263
2025-01-05;L005;P001;Eletrônicos;65,18031032093978
2025-01-12;L005;P001;Eletrônicos;34,872491828486865
2025-01-19;L005;P001;Eletrônicos;122,09391448720895
2025-01-26;L005;P001;Eletrônicos;121,67821541775989
2025-02-02;L005;P001;Eletrônicos;121,44756925039893
2025-02-09;L005;P001;Eletrônicos;122,67273599176214
2025-02-16;L005;P001;Eletrônicos;122,63401513723981
2025-02-23;L005;P001;Eletrônicos;125,53541361561982
2025-01-05;L005;P001;Higiene;115,11445422212579
2025-01-12;L005;P001;Higiene;92,45894153485469
2025-01-19;L005;P001;Higiene;126,75623559301641
2025-01-26;L005;P001;Higiene;126,51479578282662
2025-02-02;L005;P001;Higiene;126,28414961546565
2025-02-09;L005;P001;Higiene;127,47214969016221
2025-02-16;L005;P001;Higiene;127,08624365045468
2025-02-23;L005;P001;Higiene;129,67784080608334
2025-01-05;L005;P001;Vestuário;77,6769048356936
2025-01-12;L005;P001;Vestuário;51,60344952591089
2025-01-19;L005;P001;Vestuário;119,1418441631859
2025-01-26;L005;P001;Vestuário;118,72614509373683
2025-02-02;L005;P001;Vestuário;118,49549892637584
2025-02-09;L005;P001;Vestuário;119,72066566773906
2025-02-16;L005;P001;Vestuário;119,3540003687723
2025-02-23;L005;P001;Vestuário;122,06067662493003
2025-01-05;L005;P002;Alimentos;163,3124939316471
2025-01-12;L005;P002;Alimentos;184,42559624156698
2025-01-19;L005;P002;Alimentos;125,39608902182813
2025-01-26;L005;P002;Alimentos;124,98038995237904
2025-02-02;L005;P002;Alimentos;124,7497437850181
2025-02-09;L005;P002;Alimentos;126,2775578693765
2025-02-16;L005;P002;Alimentos;125,99365932796482
2025-02-23;L005;P002;Alimentos;129,19201574285276
2025-01-05;L005;P002;Brinquedos;149,81681288852187
2025-01-12;L005;P002;Brinquedos;28,459823919686453
2025-01-19;L005;P002;Brinquedos;125,75178912933542
2025-01-26;L005;P002;Brinquedos;125,33609005988636
2025-02-02;L005;P002;Brinquedos;125,10544389252539
2025-02-09;L005;P002;Brinquedos;126,33061063388863
2025-02-16;L005;P002;Brinquedos;126,04671209247698
2025-02-23;L005;P002;Brinquedos;129,25342168196806
2025-01-05;L005;P002;Eletrônicos;85,51281163613943
2025-01-12;L005;P002;Eletrônicos;188,74842930224943
2025-01-19;L005;P002;Eletrônicos;122,68159936381043
2025-01-26;L005;P002;Eletrônicos;122,26590029436137
2025-02-02;L005;P002;Eletrônicos;122,0352541270004
2025-02-09;L005;P002;Eletrônicos;123,26042086836362
2025-02-16;L005;P002;Eletrônicos;123,1314852899149
2025-02-23;L005;P002;Eletrônicos;126,03288376829492
2025-01-05;L005;P002;Higiene;49,41777883765342
2025-01-12;L005;P002;Higiene;93,56342967205022
2025-01-19;L005;P002;Higiene;125,76454261335324
2025-01-26;L005;P002;Higiene;125,52310280316343
2025-02-02;L005;P002;Higiene;125,29245663580247
2025-02-09;L005;P002;Higiene;126,48045671049903
2025-02-16;L005;P002;Higiene;126,00433594686515
2025-02-23;L005;P002;Higiene;128,29897516598587
2025-01-05;L005;P002;Vestuário;148,55156762265833
2025-01-12;L005;P002;Vestuário;172,2843218177555
2025-01-19;L005;P002;Vestuário;120,15358048954862
2025-01-26;L005;P002;Vestuário;119,73788142009954
2025-02-02;L005;P002;Vestuário;119,71199715750048
2025-02-09;L005;P002;Vestuário;121,23981124185887
2025-02-16;L005;P002;Vestuário;120,78293121896573
2025-02-23;L005;P002;Vestuário;124,03246355977957
2025-01-05;L005;P003;Alimentos;153,49636533690443
2025-01-12;L005;P003;Alimentos;158,08848486484175
2025-01-19;L005;P003;Alimentos;123,89182652169312
2025-01-26;L005;P003;Alimentos;123,47612745224406
2025-02-02;L005;P003;Alimentos;123,450243189645
2025-02-09;L005;P003;Alimentos;124,97805727400339
2025-02-16;L005;P003;Alimentos;124,69415873259173
2025-02-23;L005;P003;Alimentos;127,11682659505057
2025-01-05;L005;P003;Brinquedos;114,16938587272581
2025-01-12;L005;P003;Brinquedos;158,3945510966025
2025-01-19;L005;P003;Brinquedos;124,37685337860913
2025-01-26;L005;P003;Brinquedos;123,96115430916005
2025-02-02;L005;P003;Brinquedos;123,73050814179909
2025-02-09;L005;P003;Brinquedos;124,95567488316233
2025-02-16;L005;P003;Brinquedos;124,67177634175067
2025-02-23;L005;P003;Brinquedos;127,39833309309836
2025-01-05;L005;P003;Eletrônicos;49,55977455220764
2025-01-12;L005;P003;Eletrônicos;121,56239873344052
2025-01-19;L005;P003;Eletrônicos;120,60350536560827
2025-01-26;L005;P003;Eletrônicos;120,18780629615921
2025-02-02;L005;P003;Eletrônicos;119,95716012879824
2025-02-09;L005;P003;Eletrônicos;121,18232687016146
2025-02-16;L005;P003;Eletrônicos;121,05339129171276
2025-02-23;L005;P003;Eletrônicos;123,31552343988585
2025-01-05;L005;P003;Higiene;84,91627074387412
2025-01-12;L005;P003;Higiene;117,5939046188465
2025-01-19;L005;P003;Higiene;125,77400557346853
2025-01-26;L005;P003;Higiene;125,53256576327871
2025-02-02;L005;P003;Higiene;125,30191959591774
2025-02-09;L005;P003;Higiene;126,79256701360949
2025-02-16;L005;P003;Higiene;126,31644624997561
2025-02-23;L005;P003;Higiene;128,13235485317514
2025-01-05;L005;P003;Vestuário;65,05555524775615
2025-01-12;L005;P003;Vestuário;69,07197050109527
2025-01-19;L005;P003;Vestuário;117,6217710126994
2025-01-26;L005;P003;Vestuário;117,20607194325034
2025-02-02;L005;P003;Vestuário;116,97542577588935
2025-02-09;L005;P003;Vestuário;118,20059251725259
2025-02-16;L005;P003;Vestuário;117,74371249435943
2025-02-23;L005;P003;Vestuário;120,21371501290288
2025-01-05;L005;P004;Alimentos;172,35029273788183
2025-01-12;L005;P004;Alimentos;186,15172736301142
2025-01-19;L005;P004;Alimentos;124,19539288827156
2025-01-26;L005;P004;Alimentos;123,77969381882247
2025-02-02;L005;P004;Alimentos;123,54904765146149
2025-02-09;L005;P004;Alimentos;124,6457324880628
2025-02-16;L005;P004;Alimentos;124,45204867057753
2025-02-23;L005;P004;Alimentos;127,23400270451309
2025-01-05;L005;P004;Brinquedos;32,72194016032143
2025-01-12;L005;P004;Brinquedos;42,12252103776286
2025-01-19;L005;P004;Brinquedos;126,03917276443308
2025-01-26;L005;P004;Brinquedos;125,62347369498401
2025-02-02;L005;P004;Brinquedos;125,39282752762304
2025-02-09;L005;P004;Brinquedos;126,48951236422432
2025-02-16;L005;P004;Brinquedos;126,29582854673907
2025-02-23;L005;P004;Brinquedos;129,38309369178572
2025-01-05;L005;P004;Eletrônicos;83,63870110135177
2025-01-12;L005;P004;Eletrônicos;137,0768055283758
2025-01-19;L005;P004;Eletrônicos;123,759616645266
2025-01-26;L005;P004;Eletrônicos;123,34391757581693
2025-02-02;L005;P004;Eletrônicos;123,11327140845596
2025-02-09;L005;P004;Eletrônicos;124,20995624505728
2025-02-16;L005;P004;Eletrônicos;124,17123539053496
2025-02-23;L005;P004;Eletrônicos;126,95318942447052
2025-01-05;L005;P004;Higiene;126,50950035320719
2025-01-12;L005;P004;Higiene;85,60692762207987
2025-01-19;L005;P004;Higiene;118,26510844708393
2025-01-26;L005;P004;Higiene;117,73200197022746
2025-02-02;L005;P004;Higiene;117,4433558028665
2025-02-09;L005;P004;Higiene;118,50287397280114
2025-02-16;L005;P004;Higiene;118,11696793309365
2025-02-23;L005;P004;Higiene;120,03513286027534
2025-01-05;L005;P004;Vestuário;99,02486249538639
2025-01-12;L005;P004;Vestuário;168,89769619831006
2025-01-19;L005;P004;Vestuário;119,9497380073816
2025-01-26;L005;P004;Vestuário;119,53403893793254
2025-02-02;L005;P004;Vestuário;119,30339277057156
2025-02-09;L005;P004;Vestuário;120,40007760717289
2025-02-16;L005;P004;Vestuário;120,0334123082061
2025-02-23;L005;P004;Vestuário;123,023236712512
2025-01-05;L005;P005;Alimentos;51,002785137523595
2025-01-12;L005;P005;Alimentos;93,25033884801506
2025-01-19;L005;P005;Alimentos;125,90596838010907
2025-01-26;L005;P005;Alimentos;125,49026931066001
2025-02-02;L005;P005;Alimentos;125,25962314329904
2025-02-09;L005;P005;Alimentos;126,78743722765743
2025-02-16;L005;P005;Alimentos;126,59375341017214
2025-02-23;L005;P005;Alimentos;129,74185216222477
2025-01-05;L005;P005;Brinquedos;91,59859571466926
2025-01-12;L005;P005;Brinquedos;30,495280026019202
2025-01-19;L005;P005;Brinquedos;125,60030914584502
2025-01-26;L005;P005;Brinquedos;125,18461007639594
2025-02-02;L005;P005;Brinquedos;124,95396390903497
2025-02-09;L005;P005;Brinquedos;126,17913065039822
2025-02-16;L005;P005;Brinquedos;125,98544683291293
2025-02-23;L005;P005;Brinquedos;129,297170981791
2025-01-05;L005;P005;Eletrônicos;145,60525033978104
2025-01-12;L005;P005;Eletrônicos;111,65376752507225
2025-01-19;L005;P005;Eletrônicos;125,30249213672924
2025-01-26;L005;P005;Eletrônicos;124,88679306728017
2025-02-02;L005;P005;Eletrônicos;124,65614689991918
2025-02-09;L005;P005;Eletrônicos;126,1839609842776
2025-02-16;L005;P005;Eletrônicos;126,14524012975528
2025-02-23;L005;P005;Eletrônicos;129,29333888180793
2025-01-05;L005;P005;Higiene;166,95972099736082
2025-01-12;L005;P005;Higiene;86,60318799590752
2025-01-19;L005;P005;Higiene;125,87769562130399
2025-01-26;L005;P005;Higiene;125,63625581111417
2025-02-02;L005;P005;Higiene;125,40560964375322
2025-02-09;L005;P005;Higiene;126,59360971844978
2025-02-16;L005;P005;Higiene;126,20770367874228
2025-02-23;L005;P005;Higiene;128,6087796794722
2025-01-05;L005;P005;Vestuário;206,07251533651535
2025-01-12;L005;P005;Vestuário;193,66573994510634
2025-01-19;L005;P005;Vestuário;120,34595873793447
2025-01-26;L005;P005;Vestuário;119,93025966848538
2025-02-02;L005;P005;Vestuário;119,69961350112443
2025-02-09;L005;P005;Vestuário;120,92478024248766
2025-02-16;L005;P005;Vestuário;120,55811494352088
2025-02-23;L005;P005;Vestuário;124,07077851038837
2025-01-05;L005;P006;Alimentos;92,89707828560125
2025-01-12;L005;P006;Alimentos;98,10466014346234
2025-01-19;L005;P006;Alimentos;124,32332936451218
2025-01-26;L005;P006;Alimentos;123,90763029506311
2025-02-02;L005;P006;Alimentos;123,88174603246405
2025-02-09;L005;P006;Alimentos;125,40956011682246
2025-02-16;L005;P006;Alimentos;125,21587629933718
2025-02-23;L005;P006;Alimentos;128,2575382697807
2025-01-05;L005;P006;Brinquedos;93,81689779874378
2025-01-12;L005;P006;Brinquedos;121,72838715291032
2025-01-19;L005;P006;Brinquedos;124,76602456581459
2025-01-26;L005;P006;Brinquedos;124,3503254963655
2025-02-02;L005;P006;Brinquedos;124,11967932900453
2025-02-09;L005;P006;Brinquedos;125,34484607036778
2025-02-16;L005;P006;Brinquedos;125,1511622528825
2025-02-23;L005;P006;Brinquedos;128,3578718423736
2025-01-05;L005;P006;Eletrônicos;56,846213419433965
2025-01-12;L005;P006;Eletrônicos;97,44583215514788
2025-01-19;L005;P006;Eletrônicos;121,9259127223675
2025-01-26;L005;P006;Eletrônicos;121,51021365291844
2025-02-02;L005;P006;Eletrônicos;121,2795674855575
2025-02-09;L005;P006;Eletrônicos;122,5047342269207
2025-02-16;L005;P006;Eletrônicos;122,46601337239838
2025-02-23;L005;P006;Eletrônicos;125,36741185077837
2025-01-05;L005;P006;Higiene;119,69675337728812
2025-01-12;L005;P006;Higiene;154,29651929975915
2025-01-19;L005;P006;Higiene;119,82539477342995
2025-01-26;L005;P006;Higiene;119,29228829657349
2025-02-02;L005;P006;Higiene;118,79327175884217
2025-02-09;L005;P006;Higiene;119,9812718335387
2025-02-16;L005;P006;Higiene;119,5953657938312
2025-02-23;L005;P006;Higiene;121,7574124203593
2025-01-05;L005;P006;Vestuário;206,130486889202
2025-01-12;L005;P006;Vestuário;180,29409474730343
2025-01-19;L005;P006;Vestuário;118,27071260941227
2025-01-26;L005;P006;Vestuário;117,85501353996321
2025-02-02;L005;P006;Vestuário;117,62436737260224
2025-02-09;L005;P006;Vestuário;118,84953411396545
2025-02-16;L005;P006;Vestuário;118,48286881499868
2025-02-23;L005;P006;Vestuário;121,592137663749
2025-01-05;L005;P007;Alimentos;174,44810516531234
2025-01-12;L005;P007;Alimentos;42,130365591843606
2025-01-19;L005;P007;Alimentos;121,26122354237438
2025-01-26;L005;P007;Alimentos;120,84552447292532
2025-02-02;L005;P007;Alimentos;120,61487830556437
2025-02-09;L005;P007;Alimentos;121,73685647549901
2025-02-16;L005;P007;Alimentos;121,54317265801372
2025-02-23;L005;P007;Alimentos;124,44457113639369
2025-01-05;L005;P007;Brinquedos;136,87371485160574
2025-01-12;L005;P007;Brinquedos;170,91659516185223
2025-01-19;L005;P007;Brinquedos;123,06154807088144
2025-01-26;L005;P007;Brinquedos;122,64584900143238
2025-02-02;L005;P007;Brinquedos;122,41520283407141
2025-02-09;L005;P007;Brinquedos;123,53718100400607
2025-02-16;L005;P007;Brinquedos;123,34349718652076
2025-02-23;L005;P007;Brinquedos;126,54878455378969
2025-01-05;L005;P007;Eletrônicos;80,69058884301613
2025-01-12;L005;P007;Eletrônicos;167,75865839197243
2025-01-19;L005;P007;Eletrônicos;121,05139465073557
2025-01-26;L005;P007;Eletrônicos;120,63569558128651
2025-02-02;L005;P007;Eletrônicos;120,40504941392554
2025-02-09;L005;P007;Eletrônicos;121,5270275838602
2025-02-16;L005;P007;Eletrônicos;121,48830672933788
2025-02-23;L005;P007;Eletrônicos;124,38970520771785
2025-01-05;L005;P007;Higiene;82,8042202382143
2025-01-12;L005;P007;Higiene;125,86089366503671
2025-01-19;L005;P007;Higiene;125,0555565874688
2025-01-26;L005;P007;Higiene;124,814116777279
2025-02-02;L005;P007;Higiene;124,58347060991802
2025-02-09;L005;P007;Higiene;125,66828211318602
2025-02-16;L005;P007;Higiene;125,28237607347852
2025-02-23;L005;P007;Higiene;127,8739732291072
2025-01-05;L005;P007;Vestuário;84,63736935936188
2025-01-12;L005;P007;Vestuário;33,97615324885401
2025-01-19;L005;P007;Vestuário;118,5281248758133
2025-01-26;L005;P007;Vestuário;118,11242580636424
2025-02-02;L005;P007;Vestuário;117,88177963900327
2025-02-09;L005;P007;Vestuário;119,00375780893793
2025-02-16;L005;P007;Vestuário;118,81007399145264
2025-02-23;L005;P007;Vestuário;122,21630077671088
2025-01-05;L005;P008;Alimentos;109,19648983374306
2025-01-12;L005;P008;Alimentos;92,81827162505934
2025-01-19;L005;P008;Alimentos;122,96860946539898
2025-01-26;L005;P008;Alimentos;122,55291039594992
2025-02-02;L005;P008;Alimentos;122,43921117553592
2025-02-09;L005;P008;Alimentos;123,66437791689913
2025-02-16;L005;P008;Alimentos;123,47069409941383
2025-02-23;L005;P008;Alimentos;125,96949998520128
2025-01-05;L005;P008;Brinquedos;130,80238949111111
2025-01-12;L005;P008;Brinquedos;95,5451929990448
2025-01-19;L005;P008;Brinquedos;125,39281907809035
2025-01-26;L005;P008;Brinquedos;124,97712000864126
2025-02-02;L005;P008;Brinquedos;124,86342078822723
2025-02-09;L005;P008;Brinquedos;126,39123487258566
2025-02-16;L005;P008;Brinquedos;126,19755105510036
2025-02-23;L005;P008;Brinquedos;129,69979635887717
2025-01-05;L005;P008;Eletrônicos;133,8464922413155
2025-01-12;L005;P008;Eletrônicos;171,8701156154113
2025-01-19;L005;P008;Eletrônicos;123,4610221295958
2025-01-26;L005;P008;Eletrônicos;123,04532306014671
2025-02-02;L005;P008;Eletrônicos;123,13638574449459
2025-02-09;L005;P008;Eletrônicos;124,66419982885301
2025-02-16;L005;P008;Eletrônicos;124,62547897433069
2025-02-23;L005;P008;Eletrônicos;127,66714094477418
2025-01-05;L005;P008;Higiene;128,340539751652
2025-01-12;L005;P008;Higiene;32,917526028981904
2025-01-19;L005;P008;Higiene;116,63091079649517
2025-01-26;L005;P008;Higiene;115,98419320852757
2025-02-02;L005;P008;Higiene;115,39298654252363
2025-02-09;L005;P008;Higiene;116,61815328388685
2025-02-16;L005;P008;Higiene;116,23224724417936
2025-02-23;L005;P008;Higiene;117,68230515969807
2025-01-05;L005;P008;Vestuário;114,04906789173624
2025-01-12;L005;P008;Vestuário;46,42222079067122
2025-01-19;L005;P008;Vestuário;119,48059235605302
2025-01-26;L005;P008;Vestuário;119,06489328660396
2025-02-02;L005;P008;Vestuário;118,95119406618996
2025-02-09;L005;P008;Vestuário;120,47900815054832
2025-02-16;L005;P008;Vestuário;120,11234285158153
2025-02-23;L005;P008;Vestuário;123,36187519239539
2025-01-05;L005;P009;Alimentos;85,03737678309076
2025-01-12;L005;P009;Alimentos;168,92551487973472
2025-01-19;L005;P009;Alimentos;119,73381788746242
2025-01-26;L005;P009;Alimentos;119,31811881801336
2025-02-02;L005;P009;Alimentos;119,08747265065239
2025-02-09;L005;P009;Alimentos;120,42647272534894
2025-02-16;L005;P009;Alimentos;120,51395557453031
2025-02-23;L005;P009;Alimentos;123,41535405291029
2025-01-05;L005;P009;Brinquedos;136,8108107797479
2025-01-12;L005;P009;Brinquedos;148,4637535392984
2025-01-19;L005;P009;Brinquedos;122,28239309586512
2025-01-26;L005;P009;Brinquedos;121,86669402641603
2025-02-02;L005;P009;Brinquedos;121,84080976381696
2025-02-09;L005;P009;Brinquedos;123,4824571815087
2025-02-16;L005;P009;Brinquedos;123,56994003069008
2025-02-23;L005;P009;Brinquedos;126,91549089002248
2025-01-05;L005;P009;Eletrônicos;92,63770130717552
2025-01-12;L005;P009;Eletrônicos;109,44785138084478
2025-01-19;L005;P009;Eletrônicos;119,21788229754956
2025-01-26;L005;P009;Eletrônicos;118,8021832281005
2025-02-02;L005;P009;Eletrônicos;118,57153706073954
2025-02-09;L005;P009;Eletrônicos;119,9105371354361
2025-02-16;L005;P009;Eletrônicos;119,87181628091378
2025-02-23;L005;P009;Eletrônicos;122,77321475929372
2025-01-05;L005;P009;Higiene;98,20913548814107
2025-01-12;L005;P009;Higiene;186,07125729446318
2025-01-19;L005;P009;Higiene;121,17950901035462
2025-01-26;L005;P009;Higiene;120,9380692001648
2025-02-02;L005;P009;Higiene;120,70742303280386
2025-02-09;L005;P009;Higiene;122,00925644083372
2025-02-16;L005;P009;Higiene;121,90451706779287
2025-02-23;L005;P009;Higiene;124,19915628691359
2025-01-05;L005;P009;Vestuário;79,87046110815864
2025-01-12;L005;P009;Vestuário;165,59462019301807
2025-01-19;L005;P009;Vestuário;116,40403513807024
2025-01-26;L005;P009;Vestuário;115,98833606862117
2025-02-02;L005;P009;Vestuário;115,9624518060221
2025-02-09;L005;P009;Vestuário;117,60409922371387
2025-02-16;L005;P009;Vestuário;117,51860059141376
2025-02-23;L005;P009;Vestuário;120,76813293222757
2025-01-05;L005;P010;Alimentos;89,35537853545534
2025-01-12;L005;P010;Alimentos;40,41589404071397
2025-01-19;L005;P010;Alimentos;125,04791242810293
2025-01-26;L005;P010;Alimentos;124,80647261791312
2025-02-02;L005;P010;Alimentos;124,48363632227954
2025-02-09;L005;P010;Alimentos;125,70880306364279
2025-02-16;L005;P010;Alimentos;125,24149366476215
2025-02-23;L005;P010;Alimentos;127,23106665923908
2025-01-05;L005;P010;Brinquedos;55,91360085230215
2025-01-12;L005;P010;Brinquedos;27,936623249985768
2025-01-19;L005;P010;Brinquedos;128,0894772877138
2025-01-26;L005;P010;Brinquedos;127,848037477524
2025-02-02;L005;P010;Brinquedos;127,52520118189042
2025-02-09;L005;P010;Brinquedos;128,75036792325366
2025-02-16;L005;P010;Brinquedos;128,28305852437302
2025-02-23;L005;P010;Brinquedos;130,87347834424676
2025-01-05;L005;P010;Eletrônicos;65,97314365177544
2025-01-12;L005;P010;Eletrônicos;146,8052024442452
2025-01-19;L005;P010;Eletrônicos;126,41315694066773
2025-01-26;L005;P010;Eletrônicos;126,17171713047792
2025-02-02;L005;P010;Eletrônicos;125,84888083484437
2025-02-09;L005;P010;Eletrônicos;127,07404757620759
2025-02-16;L005;P010;Eletrônicos;126,7617011402899
2025-02-23;L005;P010;Eletrônicos;129,04823207127475
2025-01-05;L005;P010;Higiene;105,15503936351368
2025-01-12;L005;P010;Higiene;156,9582220397557
2025-01-19;L005;P010;Higiene;129,52412952875787
2025-01-26;L005;P010;Higiene;129,28268971856804
2025-02-02;L005;P010;Higiene;128,9598534229345
2025-02-09;L005;P010;Higiene;130,14785349763105
2025-02-16;L005;P010;Higiene;129,48832187652818
2025-02-23;L005;P010;Higiene;131,46929725195753
2025-01-05;L005;P010;Vestuário;152,69013442628508
2025-01-12;L005;P010;Vestuário;191,19408422503597
2025-01-19;L005;P010;Vestuário;123,28256375697424
2025-01-26;L005;P010;Vestuário;123,04112394678445
2025-02-02;L005;P010;Vestuário;122,71828765115087
2025-02-09;L005;P010;Vestuário;124,24610173550928
2025-02-16;L005;P010;Vestuário;123,60581085514714
2025-02-23;L005;P010;Vestuário;125,94351771205794
